"Period_id","Period","Period_Day","Periode_Date","Periode_Timestamp","Day_of_Month","Day_of_Year","Week_of_Month","Week_of_Year","Week_Number","Month","Month_Name","Month_Number","Trimester","Semester","Year","Date_Creation"
1,,,01.01.10,,,,,,,,,,,,,
2,,,02.01.10,,,,,,,,,,,,,
3,,,03.01.10,,,,,,,,,,,,,
4,,,04.01.10,,,,,,,,,,,,,
5,,,05.01.10,,,,,,,,,,,,,
6,,,06.01.10,,,,,,,,,,,,,
7,,,07.01.10,,,,,,,,,,,,,
8,,,08.01.10,,,,,,,,,,,,,
9,,,09.01.10,,,,,,,,,,,,,
10,,,10.01.10,,,,,,,,,,,,,
11,,,11.01.10,,,,,,,,,,,,,
12,,,12.01.10,,,,,,,,,,,,,
13,,,13.01.10,,,,,,,,,,,,,
14,,,14.01.10,,,,,,,,,,,,,
15,,,15.01.10,,,,,,,,,,,,,
16,,,16.01.10,,,,,,,,,,,,,
17,,,17.01.10,,,,,,,,,,,,,
18,,,18.01.10,,,,,,,,,,,,,
19,,,19.01.10,,,,,,,,,,,,,
20,,,20.01.10,,,,,,,,,,,,,
21,,,21.01.10,,,,,,,,,,,,,
22,,,22.01.10,,,,,,,,,,,,,
23,,,23.01.10,,,,,,,,,,,,,
24,,,24.01.10,,,,,,,,,,,,,
25,,,25.01.10,,,,,,,,,,,,,
26,,,26.01.10,,,,,,,,,,,,,
27,,,27.01.10,,,,,,,,,,,,,
28,,,28.01.10,,,,,,,,,,,,,
29,,,29.01.10,,,,,,,,,,,,,
30,,,30.01.10,,,,,,,,,,,,,
31,,,31.01.10,,,,,,,,,,,,,
32,,,01.02.10,,,,,,,,,,,,,
33,,,02.02.10,,,,,,,,,,,,,
34,,,03.02.10,,,,,,,,,,,,,
35,,,04.02.10,,,,,,,,,,,,,
36,,,05.02.10,,,,,,,,,,,,,
37,,,06.02.10,,,,,,,,,,,,,
38,,,07.02.10,,,,,,,,,,,,,
39,,,08.02.10,,,,,,,,,,,,,
40,,,09.02.10,,,,,,,,,,,,,
41,,,10.02.10,,,,,,,,,,,,,
42,,,11.02.10,,,,,,,,,,,,,
43,,,12.02.10,,,,,,,,,,,,,
44,,,13.02.10,,,,,,,,,,,,,
45,,,14.02.10,,,,,,,,,,,,,
46,,,15.02.10,,,,,,,,,,,,,
47,,,16.02.10,,,,,,,,,,,,,
48,,,17.02.10,,,,,,,,,,,,,
49,,,18.02.10,,,,,,,,,,,,,
50,,,19.02.10,,,,,,,,,,,,,
51,,,20.02.10,,,,,,,,,,,,,
52,,,21.02.10,,,,,,,,,,,,,
53,,,22.02.10,,,,,,,,,,,,,
54,,,23.02.10,,,,,,,,,,,,,
55,,,24.02.10,,,,,,,,,,,,,
56,,,25.02.10,,,,,,,,,,,,,
57,,,26.02.10,,,,,,,,,,,,,
58,,,27.02.10,,,,,,,,,,,,,
59,,,28.02.10,,,,,,,,,,,,,
60,,,01.03.10,,,,,,,,,,,,,
61,,,02.03.10,,,,,,,,,,,,,
62,,,03.03.10,,,,,,,,,,,,,
63,,,04.03.10,,,,,,,,,,,,,
64,,,05.03.10,,,,,,,,,,,,,
65,,,06.03.10,,,,,,,,,,,,,
66,,,07.03.10,,,,,,,,,,,,,
67,,,08.03.10,,,,,,,,,,,,,
68,,,09.03.10,,,,,,,,,,,,,
69,,,10.03.10,,,,,,,,,,,,,
70,,,11.03.10,,,,,,,,,,,,,
71,,,12.03.10,,,,,,,,,,,,,
72,,,13.03.10,,,,,,,,,,,,,
73,,,14.03.10,,,,,,,,,,,,,
74,,,15.03.10,,,,,,,,,,,,,
75,,,16.03.10,,,,,,,,,,,,,
76,,,17.03.10,,,,,,,,,,,,,
77,,,18.03.10,,,,,,,,,,,,,
78,,,19.03.10,,,,,,,,,,,,,
79,,,20.03.10,,,,,,,,,,,,,
80,,,21.03.10,,,,,,,,,,,,,
81,,,22.03.10,,,,,,,,,,,,,
82,,,23.03.10,,,,,,,,,,,,,
83,,,24.03.10,,,,,,,,,,,,,
84,,,25.03.10,,,,,,,,,,,,,
85,,,26.03.10,,,,,,,,,,,,,
86,,,27.03.10,,,,,,,,,,,,,
87,,,28.03.10,,,,,,,,,,,,,
88,,,29.03.10,,,,,,,,,,,,,
89,,,30.03.10,,,,,,,,,,,,,
90,,,31.03.10,,,,,,,,,,,,,
91,,,01.04.10,,,,,,,,,,,,,
92,,,02.04.10,,,,,,,,,,,,,
93,,,03.04.10,,,,,,,,,,,,,
94,,,04.04.10,,,,,,,,,,,,,
95,,,05.04.10,,,,,,,,,,,,,
96,,,06.04.10,,,,,,,,,,,,,
97,,,07.04.10,,,,,,,,,,,,,
98,,,08.04.10,,,,,,,,,,,,,
99,,,09.04.10,,,,,,,,,,,,,
100,,,10.04.10,,,,,,,,,,,,,
101,,,11.04.10,,,,,,,,,,,,,
102,,,12.04.10,,,,,,,,,,,,,
103,,,13.04.10,,,,,,,,,,,,,
104,,,14.04.10,,,,,,,,,,,,,
105,,,15.04.10,,,,,,,,,,,,,
106,,,16.04.10,,,,,,,,,,,,,
107,,,17.04.10,,,,,,,,,,,,,
108,,,18.04.10,,,,,,,,,,,,,
109,,,19.04.10,,,,,,,,,,,,,
110,,,20.04.10,,,,,,,,,,,,,
111,,,21.04.10,,,,,,,,,,,,,
112,,,22.04.10,,,,,,,,,,,,,
113,,,23.04.10,,,,,,,,,,,,,
114,,,24.04.10,,,,,,,,,,,,,
115,,,25.04.10,,,,,,,,,,,,,
116,,,26.04.10,,,,,,,,,,,,,
117,,,27.04.10,,,,,,,,,,,,,
118,,,28.04.10,,,,,,,,,,,,,
119,,,29.04.10,,,,,,,,,,,,,
120,,,30.04.10,,,,,,,,,,,,,
121,,,01.05.10,,,,,,,,,,,,,
122,,,02.05.10,,,,,,,,,,,,,
123,,,03.05.10,,,,,,,,,,,,,
124,,,04.05.10,,,,,,,,,,,,,
125,,,05.05.10,,,,,,,,,,,,,
126,,,06.05.10,,,,,,,,,,,,,
127,,,07.05.10,,,,,,,,,,,,,
128,,,08.05.10,,,,,,,,,,,,,
129,,,09.05.10,,,,,,,,,,,,,
130,,,10.05.10,,,,,,,,,,,,,
131,,,11.05.10,,,,,,,,,,,,,
132,,,12.05.10,,,,,,,,,,,,,
133,,,13.05.10,,,,,,,,,,,,,
134,,,14.05.10,,,,,,,,,,,,,
135,,,15.05.10,,,,,,,,,,,,,
136,,,16.05.10,,,,,,,,,,,,,
137,,,17.05.10,,,,,,,,,,,,,
138,,,18.05.10,,,,,,,,,,,,,
139,,,19.05.10,,,,,,,,,,,,,
140,,,20.05.10,,,,,,,,,,,,,
141,,,21.05.10,,,,,,,,,,,,,
142,,,22.05.10,,,,,,,,,,,,,
143,,,23.05.10,,,,,,,,,,,,,
144,,,24.05.10,,,,,,,,,,,,,
145,,,25.05.10,,,,,,,,,,,,,
146,,,26.05.10,,,,,,,,,,,,,
147,,,27.05.10,,,,,,,,,,,,,
148,,,28.05.10,,,,,,,,,,,,,
149,,,29.05.10,,,,,,,,,,,,,
150,,,30.05.10,,,,,,,,,,,,,
151,,,31.05.10,,,,,,,,,,,,,
152,,,01.06.10,,,,,,,,,,,,,
153,,,02.06.10,,,,,,,,,,,,,
154,,,03.06.10,,,,,,,,,,,,,
155,,,04.06.10,,,,,,,,,,,,,
156,,,05.06.10,,,,,,,,,,,,,
157,,,06.06.10,,,,,,,,,,,,,
158,,,07.06.10,,,,,,,,,,,,,
159,,,08.06.10,,,,,,,,,,,,,
160,,,09.06.10,,,,,,,,,,,,,
161,,,10.06.10,,,,,,,,,,,,,
162,,,11.06.10,,,,,,,,,,,,,
163,,,12.06.10,,,,,,,,,,,,,
164,,,13.06.10,,,,,,,,,,,,,
165,,,14.06.10,,,,,,,,,,,,,
166,,,15.06.10,,,,,,,,,,,,,
167,,,16.06.10,,,,,,,,,,,,,
168,,,17.06.10,,,,,,,,,,,,,
169,,,18.06.10,,,,,,,,,,,,,
170,,,19.06.10,,,,,,,,,,,,,
171,,,20.06.10,,,,,,,,,,,,,
172,,,21.06.10,,,,,,,,,,,,,
173,,,22.06.10,,,,,,,,,,,,,
174,,,23.06.10,,,,,,,,,,,,,
175,,,24.06.10,,,,,,,,,,,,,
176,,,25.06.10,,,,,,,,,,,,,
177,,,26.06.10,,,,,,,,,,,,,
178,,,27.06.10,,,,,,,,,,,,,
179,,,28.06.10,,,,,,,,,,,,,
180,,,29.06.10,,,,,,,,,,,,,
181,,,30.06.10,,,,,,,,,,,,,
182,,,01.07.10,,,,,,,,,,,,,
183,,,02.07.10,,,,,,,,,,,,,
184,,,03.07.10,,,,,,,,,,,,,
185,,,04.07.10,,,,,,,,,,,,,
186,,,05.07.10,,,,,,,,,,,,,
187,,,06.07.10,,,,,,,,,,,,,
188,,,07.07.10,,,,,,,,,,,,,
189,,,08.07.10,,,,,,,,,,,,,
190,,,09.07.10,,,,,,,,,,,,,
191,,,10.07.10,,,,,,,,,,,,,
192,,,11.07.10,,,,,,,,,,,,,
193,,,12.07.10,,,,,,,,,,,,,
194,,,13.07.10,,,,,,,,,,,,,
195,,,14.07.10,,,,,,,,,,,,,
196,,,15.07.10,,,,,,,,,,,,,
197,,,16.07.10,,,,,,,,,,,,,
198,,,17.07.10,,,,,,,,,,,,,
199,,,18.07.10,,,,,,,,,,,,,
200,,,19.07.10,,,,,,,,,,,,,
201,,,20.07.10,,,,,,,,,,,,,
202,,,21.07.10,,,,,,,,,,,,,
203,,,22.07.10,,,,,,,,,,,,,
204,,,23.07.10,,,,,,,,,,,,,
205,,,24.07.10,,,,,,,,,,,,,
206,,,25.07.10,,,,,,,,,,,,,
207,,,26.07.10,,,,,,,,,,,,,
208,,,27.07.10,,,,,,,,,,,,,
209,,,28.07.10,,,,,,,,,,,,,
210,,,29.07.10,,,,,,,,,,,,,
211,,,30.07.10,,,,,,,,,,,,,
212,,,31.07.10,,,,,,,,,,,,,
213,,,01.08.10,,,,,,,,,,,,,
214,,,02.08.10,,,,,,,,,,,,,
215,,,03.08.10,,,,,,,,,,,,,
216,,,04.08.10,,,,,,,,,,,,,
217,,,05.08.10,,,,,,,,,,,,,
218,,,06.08.10,,,,,,,,,,,,,
219,,,07.08.10,,,,,,,,,,,,,
220,,,08.08.10,,,,,,,,,,,,,
221,,,09.08.10,,,,,,,,,,,,,
222,,,10.08.10,,,,,,,,,,,,,
223,,,11.08.10,,,,,,,,,,,,,
224,,,12.08.10,,,,,,,,,,,,,
225,,,13.08.10,,,,,,,,,,,,,
226,,,14.08.10,,,,,,,,,,,,,
227,,,15.08.10,,,,,,,,,,,,,
228,,,16.08.10,,,,,,,,,,,,,
229,,,17.08.10,,,,,,,,,,,,,
230,,,18.08.10,,,,,,,,,,,,,
231,,,19.08.10,,,,,,,,,,,,,
232,,,20.08.10,,,,,,,,,,,,,
233,,,21.08.10,,,,,,,,,,,,,
234,,,22.08.10,,,,,,,,,,,,,
235,,,23.08.10,,,,,,,,,,,,,
236,,,24.08.10,,,,,,,,,,,,,
237,,,25.08.10,,,,,,,,,,,,,
238,,,26.08.10,,,,,,,,,,,,,
239,,,27.08.10,,,,,,,,,,,,,
240,,,28.08.10,,,,,,,,,,,,,
241,,,29.08.10,,,,,,,,,,,,,
242,,,30.08.10,,,,,,,,,,,,,
243,,,31.08.10,,,,,,,,,,,,,
244,,,01.09.10,,,,,,,,,,,,,
245,,,02.09.10,,,,,,,,,,,,,
246,,,03.09.10,,,,,,,,,,,,,
247,,,04.09.10,,,,,,,,,,,,,
248,,,05.09.10,,,,,,,,,,,,,
249,,,06.09.10,,,,,,,,,,,,,
250,,,07.09.10,,,,,,,,,,,,,
251,,,08.09.10,,,,,,,,,,,,,
252,,,09.09.10,,,,,,,,,,,,,
253,,,10.09.10,,,,,,,,,,,,,
254,,,11.09.10,,,,,,,,,,,,,
255,,,12.09.10,,,,,,,,,,,,,
256,,,13.09.10,,,,,,,,,,,,,
257,,,14.09.10,,,,,,,,,,,,,
258,,,15.09.10,,,,,,,,,,,,,
259,,,16.09.10,,,,,,,,,,,,,
260,,,17.09.10,,,,,,,,,,,,,
261,,,18.09.10,,,,,,,,,,,,,
262,,,19.09.10,,,,,,,,,,,,,
263,,,20.09.10,,,,,,,,,,,,,
264,,,21.09.10,,,,,,,,,,,,,
265,,,22.09.10,,,,,,,,,,,,,
266,,,23.09.10,,,,,,,,,,,,,
267,,,24.09.10,,,,,,,,,,,,,
268,,,25.09.10,,,,,,,,,,,,,
269,,,26.09.10,,,,,,,,,,,,,
270,,,27.09.10,,,,,,,,,,,,,
271,,,28.09.10,,,,,,,,,,,,,
272,,,29.09.10,,,,,,,,,,,,,
273,,,30.09.10,,,,,,,,,,,,,
274,,,01.10.10,,,,,,,,,,,,,
275,,,02.10.10,,,,,,,,,,,,,
276,,,03.10.10,,,,,,,,,,,,,
277,,,04.10.10,,,,,,,,,,,,,
278,,,05.10.10,,,,,,,,,,,,,
279,,,06.10.10,,,,,,,,,,,,,
280,,,07.10.10,,,,,,,,,,,,,
281,,,08.10.10,,,,,,,,,,,,,
282,,,09.10.10,,,,,,,,,,,,,
283,,,10.10.10,,,,,,,,,,,,,
284,,,11.10.10,,,,,,,,,,,,,
285,,,12.10.10,,,,,,,,,,,,,
286,,,13.10.10,,,,,,,,,,,,,
287,,,14.10.10,,,,,,,,,,,,,
288,,,15.10.10,,,,,,,,,,,,,
289,,,16.10.10,,,,,,,,,,,,,
290,,,17.10.10,,,,,,,,,,,,,
291,,,18.10.10,,,,,,,,,,,,,
292,,,19.10.10,,,,,,,,,,,,,
293,,,20.10.10,,,,,,,,,,,,,
294,,,21.10.10,,,,,,,,,,,,,
295,,,22.10.10,,,,,,,,,,,,,
296,,,23.10.10,,,,,,,,,,,,,
297,,,24.10.10,,,,,,,,,,,,,
298,,,25.10.10,,,,,,,,,,,,,
299,,,26.10.10,,,,,,,,,,,,,
300,,,27.10.10,,,,,,,,,,,,,
301,,,28.10.10,,,,,,,,,,,,,
302,,,29.10.10,,,,,,,,,,,,,
303,,,30.10.10,,,,,,,,,,,,,
304,,,31.10.10,,,,,,,,,,,,,
305,,,01.11.10,,,,,,,,,,,,,
306,,,02.11.10,,,,,,,,,,,,,
307,,,03.11.10,,,,,,,,,,,,,
308,,,04.11.10,,,,,,,,,,,,,
309,,,05.11.10,,,,,,,,,,,,,
310,,,06.11.10,,,,,,,,,,,,,
311,,,07.11.10,,,,,,,,,,,,,
312,,,08.11.10,,,,,,,,,,,,,
313,,,09.11.10,,,,,,,,,,,,,
314,,,10.11.10,,,,,,,,,,,,,
315,,,11.11.10,,,,,,,,,,,,,
316,,,12.11.10,,,,,,,,,,,,,
317,,,13.11.10,,,,,,,,,,,,,
318,,,14.11.10,,,,,,,,,,,,,
319,,,15.11.10,,,,,,,,,,,,,
320,,,16.11.10,,,,,,,,,,,,,
321,,,17.11.10,,,,,,,,,,,,,
322,,,18.11.10,,,,,,,,,,,,,
323,,,19.11.10,,,,,,,,,,,,,
324,,,20.11.10,,,,,,,,,,,,,
325,,,21.11.10,,,,,,,,,,,,,
326,,,22.11.10,,,,,,,,,,,,,
327,,,23.11.10,,,,,,,,,,,,,
328,,,24.11.10,,,,,,,,,,,,,
329,,,25.11.10,,,,,,,,,,,,,
330,,,26.11.10,,,,,,,,,,,,,
331,,,27.11.10,,,,,,,,,,,,,
332,,,28.11.10,,,,,,,,,,,,,
333,,,29.11.10,,,,,,,,,,,,,
334,,,30.11.10,,,,,,,,,,,,,
335,,,01.12.10,,,,,,,,,,,,,
336,,,02.12.10,,,,,,,,,,,,,
337,,,03.12.10,,,,,,,,,,,,,
338,,,04.12.10,,,,,,,,,,,,,
339,,,05.12.10,,,,,,,,,,,,,
340,,,06.12.10,,,,,,,,,,,,,
341,,,07.12.10,,,,,,,,,,,,,
342,,,08.12.10,,,,,,,,,,,,,
343,,,09.12.10,,,,,,,,,,,,,
344,,,10.12.10,,,,,,,,,,,,,
345,,,11.12.10,,,,,,,,,,,,,
346,,,12.12.10,,,,,,,,,,,,,
347,,,13.12.10,,,,,,,,,,,,,
348,,,14.12.10,,,,,,,,,,,,,
349,,,15.12.10,,,,,,,,,,,,,
350,,,16.12.10,,,,,,,,,,,,,
351,,,17.12.10,,,,,,,,,,,,,
352,,,18.12.10,,,,,,,,,,,,,
353,,,19.12.10,,,,,,,,,,,,,
354,,,20.12.10,,,,,,,,,,,,,
355,,,21.12.10,,,,,,,,,,,,,
356,,,22.12.10,,,,,,,,,,,,,
357,,,23.12.10,,,,,,,,,,,,,
358,,,24.12.10,,,,,,,,,,,,,
359,,,25.12.10,,,,,,,,,,,,,
360,,,26.12.10,,,,,,,,,,,,,
361,,,27.12.10,,,,,,,,,,,,,
362,,,28.12.10,,,,,,,,,,,,,
363,,,29.12.10,,,,,,,,,,,,,
364,,,30.12.10,,,,,,,,,,,,,
365,,,31.12.10,,,,,,,,,,,,,
366,,,01.01.11,,,,,,,,,,,,,
367,,,02.01.11,,,,,,,,,,,,,
368,,,03.01.11,,,,,,,,,,,,,
369,,,04.01.11,,,,,,,,,,,,,
370,,,05.01.11,,,,,,,,,,,,,
371,,,06.01.11,,,,,,,,,,,,,
372,,,07.01.11,,,,,,,,,,,,,
373,,,08.01.11,,,,,,,,,,,,,
374,,,09.01.11,,,,,,,,,,,,,
375,,,10.01.11,,,,,,,,,,,,,
376,,,11.01.11,,,,,,,,,,,,,
377,,,12.01.11,,,,,,,,,,,,,
378,,,13.01.11,,,,,,,,,,,,,
379,,,14.01.11,,,,,,,,,,,,,
380,,,15.01.11,,,,,,,,,,,,,
381,,,16.01.11,,,,,,,,,,,,,
382,,,17.01.11,,,,,,,,,,,,,
383,,,18.01.11,,,,,,,,,,,,,
384,,,19.01.11,,,,,,,,,,,,,
385,,,20.01.11,,,,,,,,,,,,,
386,,,21.01.11,,,,,,,,,,,,,
387,,,22.01.11,,,,,,,,,,,,,
388,,,23.01.11,,,,,,,,,,,,,
389,,,24.01.11,,,,,,,,,,,,,
390,,,25.01.11,,,,,,,,,,,,,
391,,,26.01.11,,,,,,,,,,,,,
392,,,27.01.11,,,,,,,,,,,,,
393,,,28.01.11,,,,,,,,,,,,,
394,,,29.01.11,,,,,,,,,,,,,
395,,,30.01.11,,,,,,,,,,,,,
396,,,31.01.11,,,,,,,,,,,,,
397,,,01.02.11,,,,,,,,,,,,,
398,,,02.02.11,,,,,,,,,,,,,
399,,,03.02.11,,,,,,,,,,,,,
400,,,04.02.11,,,,,,,,,,,,,
401,,,05.02.11,,,,,,,,,,,,,
402,,,06.02.11,,,,,,,,,,,,,
403,,,07.02.11,,,,,,,,,,,,,
404,,,08.02.11,,,,,,,,,,,,,
405,,,09.02.11,,,,,,,,,,,,,
406,,,10.02.11,,,,,,,,,,,,,
407,,,11.02.11,,,,,,,,,,,,,
408,,,12.02.11,,,,,,,,,,,,,
409,,,13.02.11,,,,,,,,,,,,,
410,,,14.02.11,,,,,,,,,,,,,
411,,,15.02.11,,,,,,,,,,,,,
412,,,16.02.11,,,,,,,,,,,,,
413,,,17.02.11,,,,,,,,,,,,,
414,,,18.02.11,,,,,,,,,,,,,
415,,,19.02.11,,,,,,,,,,,,,
416,,,20.02.11,,,,,,,,,,,,,
417,,,21.02.11,,,,,,,,,,,,,
418,,,22.02.11,,,,,,,,,,,,,
419,,,23.02.11,,,,,,,,,,,,,
420,,,24.02.11,,,,,,,,,,,,,
421,,,25.02.11,,,,,,,,,,,,,
422,,,26.02.11,,,,,,,,,,,,,
423,,,27.02.11,,,,,,,,,,,,,
424,,,28.02.11,,,,,,,,,,,,,
425,,,01.03.11,,,,,,,,,,,,,
426,,,02.03.11,,,,,,,,,,,,,
427,,,03.03.11,,,,,,,,,,,,,
428,,,04.03.11,,,,,,,,,,,,,
429,,,05.03.11,,,,,,,,,,,,,
430,,,06.03.11,,,,,,,,,,,,,
431,,,07.03.11,,,,,,,,,,,,,
432,,,08.03.11,,,,,,,,,,,,,
433,,,09.03.11,,,,,,,,,,,,,
434,,,10.03.11,,,,,,,,,,,,,
435,,,11.03.11,,,,,,,,,,,,,
436,,,12.03.11,,,,,,,,,,,,,
437,,,13.03.11,,,,,,,,,,,,,
438,,,14.03.11,,,,,,,,,,,,,
439,,,15.03.11,,,,,,,,,,,,,
440,,,16.03.11,,,,,,,,,,,,,
441,,,17.03.11,,,,,,,,,,,,,
442,,,18.03.11,,,,,,,,,,,,,
443,,,19.03.11,,,,,,,,,,,,,
444,,,20.03.11,,,,,,,,,,,,,
445,,,21.03.11,,,,,,,,,,,,,
446,,,22.03.11,,,,,,,,,,,,,
447,,,23.03.11,,,,,,,,,,,,,
448,,,24.03.11,,,,,,,,,,,,,
449,,,25.03.11,,,,,,,,,,,,,
450,,,26.03.11,,,,,,,,,,,,,
451,,,27.03.11,,,,,,,,,,,,,
452,,,28.03.11,,,,,,,,,,,,,
453,,,29.03.11,,,,,,,,,,,,,
454,,,30.03.11,,,,,,,,,,,,,
455,,,31.03.11,,,,,,,,,,,,,
456,,,01.04.11,,,,,,,,,,,,,
457,,,02.04.11,,,,,,,,,,,,,
458,,,03.04.11,,,,,,,,,,,,,
459,,,04.04.11,,,,,,,,,,,,,
460,,,05.04.11,,,,,,,,,,,,,
461,,,06.04.11,,,,,,,,,,,,,
462,,,07.04.11,,,,,,,,,,,,,
463,,,08.04.11,,,,,,,,,,,,,
464,,,09.04.11,,,,,,,,,,,,,
465,,,10.04.11,,,,,,,,,,,,,
466,,,11.04.11,,,,,,,,,,,,,
467,,,12.04.11,,,,,,,,,,,,,
468,,,13.04.11,,,,,,,,,,,,,
469,,,14.04.11,,,,,,,,,,,,,
470,,,15.04.11,,,,,,,,,,,,,
471,,,16.04.11,,,,,,,,,,,,,
472,,,17.04.11,,,,,,,,,,,,,
473,,,18.04.11,,,,,,,,,,,,,
474,,,19.04.11,,,,,,,,,,,,,
475,,,20.04.11,,,,,,,,,,,,,
476,,,21.04.11,,,,,,,,,,,,,
477,,,22.04.11,,,,,,,,,,,,,
478,,,23.04.11,,,,,,,,,,,,,
479,,,24.04.11,,,,,,,,,,,,,
480,,,25.04.11,,,,,,,,,,,,,
481,,,26.04.11,,,,,,,,,,,,,
482,,,27.04.11,,,,,,,,,,,,,
483,,,28.04.11,,,,,,,,,,,,,
484,,,29.04.11,,,,,,,,,,,,,
485,,,30.04.11,,,,,,,,,,,,,
486,,,01.05.11,,,,,,,,,,,,,
487,,,02.05.11,,,,,,,,,,,,,
488,,,03.05.11,,,,,,,,,,,,,
489,,,04.05.11,,,,,,,,,,,,,
490,,,05.05.11,,,,,,,,,,,,,
491,,,06.05.11,,,,,,,,,,,,,
492,,,07.05.11,,,,,,,,,,,,,
493,,,08.05.11,,,,,,,,,,,,,
494,,,09.05.11,,,,,,,,,,,,,
495,,,10.05.11,,,,,,,,,,,,,
496,,,11.05.11,,,,,,,,,,,,,
497,,,12.05.11,,,,,,,,,,,,,
498,,,13.05.11,,,,,,,,,,,,,
499,,,14.05.11,,,,,,,,,,,,,
500,,,15.05.11,,,,,,,,,,,,,
501,,,16.05.11,,,,,,,,,,,,,
502,,,17.05.11,,,,,,,,,,,,,
503,,,18.05.11,,,,,,,,,,,,,
504,,,19.05.11,,,,,,,,,,,,,
505,,,20.05.11,,,,,,,,,,,,,
506,,,21.05.11,,,,,,,,,,,,,
507,,,22.05.11,,,,,,,,,,,,,
508,,,23.05.11,,,,,,,,,,,,,
509,,,24.05.11,,,,,,,,,,,,,
510,,,25.05.11,,,,,,,,,,,,,
511,,,26.05.11,,,,,,,,,,,,,
512,,,27.05.11,,,,,,,,,,,,,
513,,,28.05.11,,,,,,,,,,,,,
514,,,29.05.11,,,,,,,,,,,,,
515,,,30.05.11,,,,,,,,,,,,,
516,,,31.05.11,,,,,,,,,,,,,
517,,,01.06.11,,,,,,,,,,,,,
518,,,02.06.11,,,,,,,,,,,,,
519,,,03.06.11,,,,,,,,,,,,,
520,,,04.06.11,,,,,,,,,,,,,
521,,,05.06.11,,,,,,,,,,,,,
522,,,06.06.11,,,,,,,,,,,,,
523,,,07.06.11,,,,,,,,,,,,,
524,,,08.06.11,,,,,,,,,,,,,
525,,,09.06.11,,,,,,,,,,,,,
526,,,10.06.11,,,,,,,,,,,,,
527,,,11.06.11,,,,,,,,,,,,,
528,,,12.06.11,,,,,,,,,,,,,
529,,,13.06.11,,,,,,,,,,,,,
530,,,14.06.11,,,,,,,,,,,,,
531,,,15.06.11,,,,,,,,,,,,,
532,,,16.06.11,,,,,,,,,,,,,
533,,,17.06.11,,,,,,,,,,,,,
534,,,18.06.11,,,,,,,,,,,,,
535,,,19.06.11,,,,,,,,,,,,,
536,,,20.06.11,,,,,,,,,,,,,
537,,,21.06.11,,,,,,,,,,,,,
538,,,22.06.11,,,,,,,,,,,,,
539,,,23.06.11,,,,,,,,,,,,,
540,,,24.06.11,,,,,,,,,,,,,
541,,,25.06.11,,,,,,,,,,,,,
542,,,26.06.11,,,,,,,,,,,,,
543,,,27.06.11,,,,,,,,,,,,,
544,,,28.06.11,,,,,,,,,,,,,
545,,,29.06.11,,,,,,,,,,,,,
546,,,30.06.11,,,,,,,,,,,,,
547,,,01.07.11,,,,,,,,,,,,,
548,,,02.07.11,,,,,,,,,,,,,
549,,,03.07.11,,,,,,,,,,,,,
550,,,04.07.11,,,,,,,,,,,,,
551,,,05.07.11,,,,,,,,,,,,,
552,,,06.07.11,,,,,,,,,,,,,
553,,,07.07.11,,,,,,,,,,,,,
554,,,08.07.11,,,,,,,,,,,,,
555,,,09.07.11,,,,,,,,,,,,,
556,,,10.07.11,,,,,,,,,,,,,
557,,,11.07.11,,,,,,,,,,,,,
558,,,12.07.11,,,,,,,,,,,,,
559,,,13.07.11,,,,,,,,,,,,,
560,,,14.07.11,,,,,,,,,,,,,
561,,,15.07.11,,,,,,,,,,,,,
562,,,16.07.11,,,,,,,,,,,,,
563,,,17.07.11,,,,,,,,,,,,,
564,,,18.07.11,,,,,,,,,,,,,
565,,,19.07.11,,,,,,,,,,,,,
566,,,20.07.11,,,,,,,,,,,,,
567,,,21.07.11,,,,,,,,,,,,,
568,,,22.07.11,,,,,,,,,,,,,
569,,,23.07.11,,,,,,,,,,,,,
570,,,24.07.11,,,,,,,,,,,,,
571,,,25.07.11,,,,,,,,,,,,,
572,,,26.07.11,,,,,,,,,,,,,
573,,,27.07.11,,,,,,,,,,,,,
574,,,28.07.11,,,,,,,,,,,,,
575,,,29.07.11,,,,,,,,,,,,,
576,,,30.07.11,,,,,,,,,,,,,
577,,,31.07.11,,,,,,,,,,,,,
578,,,01.08.11,,,,,,,,,,,,,
579,,,02.08.11,,,,,,,,,,,,,
580,,,03.08.11,,,,,,,,,,,,,
581,,,04.08.11,,,,,,,,,,,,,
582,,,05.08.11,,,,,,,,,,,,,
583,,,06.08.11,,,,,,,,,,,,,
584,,,07.08.11,,,,,,,,,,,,,
585,,,08.08.11,,,,,,,,,,,,,
586,,,09.08.11,,,,,,,,,,,,,
587,,,10.08.11,,,,,,,,,,,,,
588,,,11.08.11,,,,,,,,,,,,,
589,,,12.08.11,,,,,,,,,,,,,
590,,,13.08.11,,,,,,,,,,,,,
591,,,14.08.11,,,,,,,,,,,,,
592,,,15.08.11,,,,,,,,,,,,,
593,,,16.08.11,,,,,,,,,,,,,
594,,,17.08.11,,,,,,,,,,,,,
595,,,18.08.11,,,,,,,,,,,,,
596,,,19.08.11,,,,,,,,,,,,,
597,,,20.08.11,,,,,,,,,,,,,
598,,,21.08.11,,,,,,,,,,,,,
599,,,22.08.11,,,,,,,,,,,,,
600,,,23.08.11,,,,,,,,,,,,,
601,,,24.08.11,,,,,,,,,,,,,
602,,,25.08.11,,,,,,,,,,,,,
603,,,26.08.11,,,,,,,,,,,,,
604,,,27.08.11,,,,,,,,,,,,,
605,,,28.08.11,,,,,,,,,,,,,
606,,,29.08.11,,,,,,,,,,,,,
607,,,30.08.11,,,,,,,,,,,,,
608,,,31.08.11,,,,,,,,,,,,,
609,,,01.09.11,,,,,,,,,,,,,
610,,,02.09.11,,,,,,,,,,,,,
611,,,03.09.11,,,,,,,,,,,,,
612,,,04.09.11,,,,,,,,,,,,,
613,,,05.09.11,,,,,,,,,,,,,
614,,,06.09.11,,,,,,,,,,,,,
615,,,07.09.11,,,,,,,,,,,,,
616,,,08.09.11,,,,,,,,,,,,,
617,,,09.09.11,,,,,,,,,,,,,
618,,,10.09.11,,,,,,,,,,,,,
619,,,11.09.11,,,,,,,,,,,,,
620,,,12.09.11,,,,,,,,,,,,,
621,,,13.09.11,,,,,,,,,,,,,
622,,,14.09.11,,,,,,,,,,,,,
623,,,15.09.11,,,,,,,,,,,,,
624,,,16.09.11,,,,,,,,,,,,,
625,,,17.09.11,,,,,,,,,,,,,
626,,,18.09.11,,,,,,,,,,,,,
627,,,19.09.11,,,,,,,,,,,,,
628,,,20.09.11,,,,,,,,,,,,,
629,,,21.09.11,,,,,,,,,,,,,
630,,,22.09.11,,,,,,,,,,,,,
631,,,23.09.11,,,,,,,,,,,,,
632,,,24.09.11,,,,,,,,,,,,,
633,,,25.09.11,,,,,,,,,,,,,
634,,,26.09.11,,,,,,,,,,,,,
635,,,27.09.11,,,,,,,,,,,,,
636,,,28.09.11,,,,,,,,,,,,,
637,,,29.09.11,,,,,,,,,,,,,
638,,,30.09.11,,,,,,,,,,,,,
639,,,01.10.11,,,,,,,,,,,,,
640,,,02.10.11,,,,,,,,,,,,,
641,,,03.10.11,,,,,,,,,,,,,
642,,,04.10.11,,,,,,,,,,,,,
643,,,05.10.11,,,,,,,,,,,,,
644,,,06.10.11,,,,,,,,,,,,,
645,,,07.10.11,,,,,,,,,,,,,
646,,,08.10.11,,,,,,,,,,,,,
647,,,09.10.11,,,,,,,,,,,,,
648,,,10.10.11,,,,,,,,,,,,,
649,,,11.10.11,,,,,,,,,,,,,
650,,,12.10.11,,,,,,,,,,,,,
651,,,13.10.11,,,,,,,,,,,,,
652,,,14.10.11,,,,,,,,,,,,,
653,,,15.10.11,,,,,,,,,,,,,
654,,,16.10.11,,,,,,,,,,,,,
655,,,17.10.11,,,,,,,,,,,,,
656,,,18.10.11,,,,,,,,,,,,,
657,,,19.10.11,,,,,,,,,,,,,
658,,,20.10.11,,,,,,,,,,,,,
659,,,21.10.11,,,,,,,,,,,,,
660,,,22.10.11,,,,,,,,,,,,,
661,,,23.10.11,,,,,,,,,,,,,
662,,,24.10.11,,,,,,,,,,,,,
663,,,25.10.11,,,,,,,,,,,,,
664,,,26.10.11,,,,,,,,,,,,,
665,,,27.10.11,,,,,,,,,,,,,
666,,,28.10.11,,,,,,,,,,,,,
667,,,29.10.11,,,,,,,,,,,,,
668,,,30.10.11,,,,,,,,,,,,,
669,,,31.10.11,,,,,,,,,,,,,
670,,,01.11.11,,,,,,,,,,,,,
671,,,02.11.11,,,,,,,,,,,,,
672,,,03.11.11,,,,,,,,,,,,,
673,,,04.11.11,,,,,,,,,,,,,
674,,,05.11.11,,,,,,,,,,,,,
675,,,06.11.11,,,,,,,,,,,,,
676,,,07.11.11,,,,,,,,,,,,,
677,,,08.11.11,,,,,,,,,,,,,
678,,,09.11.11,,,,,,,,,,,,,
679,,,10.11.11,,,,,,,,,,,,,
680,,,11.11.11,,,,,,,,,,,,,
681,,,12.11.11,,,,,,,,,,,,,
682,,,13.11.11,,,,,,,,,,,,,
683,,,14.11.11,,,,,,,,,,,,,
684,,,15.11.11,,,,,,,,,,,,,
685,,,16.11.11,,,,,,,,,,,,,
686,,,17.11.11,,,,,,,,,,,,,
687,,,18.11.11,,,,,,,,,,,,,
688,,,19.11.11,,,,,,,,,,,,,
689,,,20.11.11,,,,,,,,,,,,,
690,,,21.11.11,,,,,,,,,,,,,
691,,,22.11.11,,,,,,,,,,,,,
692,,,23.11.11,,,,,,,,,,,,,
693,,,24.11.11,,,,,,,,,,,,,
694,,,25.11.11,,,,,,,,,,,,,
695,,,26.11.11,,,,,,,,,,,,,
696,,,27.11.11,,,,,,,,,,,,,
697,,,28.11.11,,,,,,,,,,,,,
698,,,29.11.11,,,,,,,,,,,,,
699,,,30.11.11,,,,,,,,,,,,,
700,,,01.12.11,,,,,,,,,,,,,
701,,,02.12.11,,,,,,,,,,,,,
702,,,03.12.11,,,,,,,,,,,,,
703,,,04.12.11,,,,,,,,,,,,,
704,,,05.12.11,,,,,,,,,,,,,
705,,,06.12.11,,,,,,,,,,,,,
706,,,07.12.11,,,,,,,,,,,,,
707,,,08.12.11,,,,,,,,,,,,,
708,,,09.12.11,,,,,,,,,,,,,
709,,,10.12.11,,,,,,,,,,,,,
710,,,11.12.11,,,,,,,,,,,,,
711,,,12.12.11,,,,,,,,,,,,,
712,,,13.12.11,,,,,,,,,,,,,
713,,,14.12.11,,,,,,,,,,,,,
714,,,15.12.11,,,,,,,,,,,,,
715,,,16.12.11,,,,,,,,,,,,,
716,,,17.12.11,,,,,,,,,,,,,
717,,,18.12.11,,,,,,,,,,,,,
718,,,19.12.11,,,,,,,,,,,,,
719,,,20.12.11,,,,,,,,,,,,,
720,,,21.12.11,,,,,,,,,,,,,
721,,,22.12.11,,,,,,,,,,,,,
722,,,23.12.11,,,,,,,,,,,,,
723,,,24.12.11,,,,,,,,,,,,,
724,,,25.12.11,,,,,,,,,,,,,
725,,,26.12.11,,,,,,,,,,,,,
726,,,27.12.11,,,,,,,,,,,,,
727,,,28.12.11,,,,,,,,,,,,,
728,,,29.12.11,,,,,,,,,,,,,
729,,,30.12.11,,,,,,,,,,,,,
730,,,31.12.11,,,,,,,,,,,,,
731,,,01.01.12,,,,,,,,,,,,,
732,,,02.01.12,,,,,,,,,,,,,
733,,,03.01.12,,,,,,,,,,,,,
734,,,04.01.12,,,,,,,,,,,,,
735,,,05.01.12,,,,,,,,,,,,,
736,,,06.01.12,,,,,,,,,,,,,
737,,,07.01.12,,,,,,,,,,,,,
738,,,08.01.12,,,,,,,,,,,,,
739,,,09.01.12,,,,,,,,,,,,,
740,,,10.01.12,,,,,,,,,,,,,
741,,,11.01.12,,,,,,,,,,,,,
742,,,12.01.12,,,,,,,,,,,,,
743,,,13.01.12,,,,,,,,,,,,,
744,,,14.01.12,,,,,,,,,,,,,
745,,,15.01.12,,,,,,,,,,,,,
746,,,16.01.12,,,,,,,,,,,,,
747,,,17.01.12,,,,,,,,,,,,,
748,,,18.01.12,,,,,,,,,,,,,
749,,,19.01.12,,,,,,,,,,,,,
750,,,20.01.12,,,,,,,,,,,,,
751,,,21.01.12,,,,,,,,,,,,,
752,,,22.01.12,,,,,,,,,,,,,
753,,,23.01.12,,,,,,,,,,,,,
754,,,24.01.12,,,,,,,,,,,,,
755,,,25.01.12,,,,,,,,,,,,,
756,,,26.01.12,,,,,,,,,,,,,
757,,,27.01.12,,,,,,,,,,,,,
758,,,28.01.12,,,,,,,,,,,,,
759,,,29.01.12,,,,,,,,,,,,,
760,,,30.01.12,,,,,,,,,,,,,
761,,,31.01.12,,,,,,,,,,,,,
762,,,01.02.12,,,,,,,,,,,,,
763,,,02.02.12,,,,,,,,,,,,,
764,,,03.02.12,,,,,,,,,,,,,
765,,,04.02.12,,,,,,,,,,,,,
766,,,05.02.12,,,,,,,,,,,,,
767,,,06.02.12,,,,,,,,,,,,,
768,,,07.02.12,,,,,,,,,,,,,
769,,,08.02.12,,,,,,,,,,,,,
770,,,09.02.12,,,,,,,,,,,,,
771,,,10.02.12,,,,,,,,,,,,,
772,,,11.02.12,,,,,,,,,,,,,
773,,,12.02.12,,,,,,,,,,,,,
774,,,13.02.12,,,,,,,,,,,,,
775,,,14.02.12,,,,,,,,,,,,,
776,,,15.02.12,,,,,,,,,,,,,
777,,,16.02.12,,,,,,,,,,,,,
778,,,17.02.12,,,,,,,,,,,,,
779,,,18.02.12,,,,,,,,,,,,,
780,,,19.02.12,,,,,,,,,,,,,
781,,,20.02.12,,,,,,,,,,,,,
782,,,21.02.12,,,,,,,,,,,,,
783,,,22.02.12,,,,,,,,,,,,,
784,,,23.02.12,,,,,,,,,,,,,
785,,,24.02.12,,,,,,,,,,,,,
786,,,25.02.12,,,,,,,,,,,,,
787,,,26.02.12,,,,,,,,,,,,,
788,,,27.02.12,,,,,,,,,,,,,
789,,,28.02.12,,,,,,,,,,,,,
790,,,29.02.12,,,,,,,,,,,,,
791,,,01.03.12,,,,,,,,,,,,,
792,,,02.03.12,,,,,,,,,,,,,
793,,,03.03.12,,,,,,,,,,,,,
794,,,04.03.12,,,,,,,,,,,,,
795,,,05.03.12,,,,,,,,,,,,,
796,,,06.03.12,,,,,,,,,,,,,
797,,,07.03.12,,,,,,,,,,,,,
798,,,08.03.12,,,,,,,,,,,,,
799,,,09.03.12,,,,,,,,,,,,,
800,,,10.03.12,,,,,,,,,,,,,
801,,,11.03.12,,,,,,,,,,,,,
802,,,12.03.12,,,,,,,,,,,,,
803,,,13.03.12,,,,,,,,,,,,,
804,,,14.03.12,,,,,,,,,,,,,
805,,,15.03.12,,,,,,,,,,,,,
806,,,16.03.12,,,,,,,,,,,,,
807,,,17.03.12,,,,,,,,,,,,,
808,,,18.03.12,,,,,,,,,,,,,
809,,,19.03.12,,,,,,,,,,,,,
810,,,20.03.12,,,,,,,,,,,,,
811,,,21.03.12,,,,,,,,,,,,,
812,,,22.03.12,,,,,,,,,,,,,
813,,,23.03.12,,,,,,,,,,,,,
814,,,24.03.12,,,,,,,,,,,,,
815,,,25.03.12,,,,,,,,,,,,,
816,,,26.03.12,,,,,,,,,,,,,
817,,,27.03.12,,,,,,,,,,,,,
818,,,28.03.12,,,,,,,,,,,,,
819,,,29.03.12,,,,,,,,,,,,,
820,,,30.03.12,,,,,,,,,,,,,
821,,,31.03.12,,,,,,,,,,,,,
822,,,01.04.12,,,,,,,,,,,,,
823,,,02.04.12,,,,,,,,,,,,,
824,,,03.04.12,,,,,,,,,,,,,
825,,,04.04.12,,,,,,,,,,,,,
826,,,05.04.12,,,,,,,,,,,,,
827,,,06.04.12,,,,,,,,,,,,,
828,,,07.04.12,,,,,,,,,,,,,
829,,,08.04.12,,,,,,,,,,,,,
830,,,09.04.12,,,,,,,,,,,,,
831,,,10.04.12,,,,,,,,,,,,,
832,,,11.04.12,,,,,,,,,,,,,
833,,,12.04.12,,,,,,,,,,,,,
834,,,13.04.12,,,,,,,,,,,,,
835,,,14.04.12,,,,,,,,,,,,,
836,,,15.04.12,,,,,,,,,,,,,
837,,,16.04.12,,,,,,,,,,,,,
838,,,17.04.12,,,,,,,,,,,,,
839,,,18.04.12,,,,,,,,,,,,,
840,,,19.04.12,,,,,,,,,,,,,
841,,,20.04.12,,,,,,,,,,,,,
842,,,21.04.12,,,,,,,,,,,,,
843,,,22.04.12,,,,,,,,,,,,,
844,,,23.04.12,,,,,,,,,,,,,
845,,,24.04.12,,,,,,,,,,,,,
846,,,25.04.12,,,,,,,,,,,,,
847,,,26.04.12,,,,,,,,,,,,,
848,,,27.04.12,,,,,,,,,,,,,
849,,,28.04.12,,,,,,,,,,,,,
850,,,29.04.12,,,,,,,,,,,,,
851,,,30.04.12,,,,,,,,,,,,,
852,,,01.05.12,,,,,,,,,,,,,
853,,,02.05.12,,,,,,,,,,,,,
854,,,03.05.12,,,,,,,,,,,,,
855,,,04.05.12,,,,,,,,,,,,,
856,,,05.05.12,,,,,,,,,,,,,
857,,,06.05.12,,,,,,,,,,,,,
858,,,07.05.12,,,,,,,,,,,,,
859,,,08.05.12,,,,,,,,,,,,,
860,,,09.05.12,,,,,,,,,,,,,
861,,,10.05.12,,,,,,,,,,,,,
862,,,11.05.12,,,,,,,,,,,,,
863,,,12.05.12,,,,,,,,,,,,,
864,,,13.05.12,,,,,,,,,,,,,
865,,,14.05.12,,,,,,,,,,,,,
866,,,15.05.12,,,,,,,,,,,,,
867,,,16.05.12,,,,,,,,,,,,,
868,,,17.05.12,,,,,,,,,,,,,
869,,,18.05.12,,,,,,,,,,,,,
870,,,19.05.12,,,,,,,,,,,,,
871,,,20.05.12,,,,,,,,,,,,,
872,,,21.05.12,,,,,,,,,,,,,
873,,,22.05.12,,,,,,,,,,,,,
874,,,23.05.12,,,,,,,,,,,,,
875,,,24.05.12,,,,,,,,,,,,,
876,,,25.05.12,,,,,,,,,,,,,
877,,,26.05.12,,,,,,,,,,,,,
878,,,27.05.12,,,,,,,,,,,,,
879,,,28.05.12,,,,,,,,,,,,,
880,,,29.05.12,,,,,,,,,,,,,
881,,,30.05.12,,,,,,,,,,,,,
882,,,31.05.12,,,,,,,,,,,,,
883,,,01.06.12,,,,,,,,,,,,,
884,,,02.06.12,,,,,,,,,,,,,
885,,,03.06.12,,,,,,,,,,,,,
886,,,04.06.12,,,,,,,,,,,,,
887,,,05.06.12,,,,,,,,,,,,,
888,,,06.06.12,,,,,,,,,,,,,
889,,,07.06.12,,,,,,,,,,,,,
890,,,08.06.12,,,,,,,,,,,,,
891,,,09.06.12,,,,,,,,,,,,,
892,,,10.06.12,,,,,,,,,,,,,
893,,,11.06.12,,,,,,,,,,,,,
894,,,12.06.12,,,,,,,,,,,,,
895,,,13.06.12,,,,,,,,,,,,,
896,,,14.06.12,,,,,,,,,,,,,
897,,,15.06.12,,,,,,,,,,,,,
898,,,16.06.12,,,,,,,,,,,,,
899,,,17.06.12,,,,,,,,,,,,,
900,,,18.06.12,,,,,,,,,,,,,
901,,,19.06.12,,,,,,,,,,,,,
902,,,20.06.12,,,,,,,,,,,,,
903,,,21.06.12,,,,,,,,,,,,,
904,,,22.06.12,,,,,,,,,,,,,
905,,,23.06.12,,,,,,,,,,,,,
906,,,24.06.12,,,,,,,,,,,,,
907,,,25.06.12,,,,,,,,,,,,,
908,,,26.06.12,,,,,,,,,,,,,
909,,,27.06.12,,,,,,,,,,,,,
910,,,28.06.12,,,,,,,,,,,,,
911,,,29.06.12,,,,,,,,,,,,,
912,,,30.06.12,,,,,,,,,,,,,
913,,,01.07.12,,,,,,,,,,,,,
914,,,02.07.12,,,,,,,,,,,,,
915,,,03.07.12,,,,,,,,,,,,,
916,,,04.07.12,,,,,,,,,,,,,
917,,,05.07.12,,,,,,,,,,,,,
918,,,06.07.12,,,,,,,,,,,,,
919,,,07.07.12,,,,,,,,,,,,,
920,,,08.07.12,,,,,,,,,,,,,
921,,,09.07.12,,,,,,,,,,,,,
922,,,10.07.12,,,,,,,,,,,,,
923,,,11.07.12,,,,,,,,,,,,,
924,,,12.07.12,,,,,,,,,,,,,
925,,,13.07.12,,,,,,,,,,,,,
926,,,14.07.12,,,,,,,,,,,,,
927,,,15.07.12,,,,,,,,,,,,,
928,,,16.07.12,,,,,,,,,,,,,
929,,,17.07.12,,,,,,,,,,,,,
930,,,18.07.12,,,,,,,,,,,,,
931,,,19.07.12,,,,,,,,,,,,,
932,,,20.07.12,,,,,,,,,,,,,
933,,,21.07.12,,,,,,,,,,,,,
934,,,22.07.12,,,,,,,,,,,,,
935,,,23.07.12,,,,,,,,,,,,,
936,,,24.07.12,,,,,,,,,,,,,
937,,,25.07.12,,,,,,,,,,,,,
938,,,26.07.12,,,,,,,,,,,,,
939,,,27.07.12,,,,,,,,,,,,,
940,,,28.07.12,,,,,,,,,,,,,
941,,,29.07.12,,,,,,,,,,,,,
942,,,30.07.12,,,,,,,,,,,,,
943,,,31.07.12,,,,,,,,,,,,,
944,,,01.08.12,,,,,,,,,,,,,
945,,,02.08.12,,,,,,,,,,,,,
946,,,03.08.12,,,,,,,,,,,,,
947,,,04.08.12,,,,,,,,,,,,,
948,,,05.08.12,,,,,,,,,,,,,
949,,,06.08.12,,,,,,,,,,,,,
950,,,07.08.12,,,,,,,,,,,,,
951,,,08.08.12,,,,,,,,,,,,,
952,,,09.08.12,,,,,,,,,,,,,
953,,,10.08.12,,,,,,,,,,,,,
954,,,11.08.12,,,,,,,,,,,,,
955,,,12.08.12,,,,,,,,,,,,,
956,,,13.08.12,,,,,,,,,,,,,
957,,,14.08.12,,,,,,,,,,,,,
958,,,15.08.12,,,,,,,,,,,,,
959,,,16.08.12,,,,,,,,,,,,,
960,,,17.08.12,,,,,,,,,,,,,
961,,,18.08.12,,,,,,,,,,,,,
962,,,19.08.12,,,,,,,,,,,,,
963,,,20.08.12,,,,,,,,,,,,,
964,,,21.08.12,,,,,,,,,,,,,
965,,,22.08.12,,,,,,,,,,,,,
966,,,23.08.12,,,,,,,,,,,,,
967,,,24.08.12,,,,,,,,,,,,,
968,,,25.08.12,,,,,,,,,,,,,
969,,,26.08.12,,,,,,,,,,,,,
970,,,27.08.12,,,,,,,,,,,,,
971,,,28.08.12,,,,,,,,,,,,,
972,,,29.08.12,,,,,,,,,,,,,
973,,,30.08.12,,,,,,,,,,,,,
974,,,31.08.12,,,,,,,,,,,,,
975,,,01.09.12,,,,,,,,,,,,,
976,,,02.09.12,,,,,,,,,,,,,
977,,,03.09.12,,,,,,,,,,,,,
978,,,04.09.12,,,,,,,,,,,,,
979,,,05.09.12,,,,,,,,,,,,,
980,,,06.09.12,,,,,,,,,,,,,
981,,,07.09.12,,,,,,,,,,,,,
982,,,08.09.12,,,,,,,,,,,,,
983,,,09.09.12,,,,,,,,,,,,,
984,,,10.09.12,,,,,,,,,,,,,
985,,,11.09.12,,,,,,,,,,,,,
986,,,12.09.12,,,,,,,,,,,,,
987,,,13.09.12,,,,,,,,,,,,,
988,,,14.09.12,,,,,,,,,,,,,
989,,,15.09.12,,,,,,,,,,,,,
990,,,16.09.12,,,,,,,,,,,,,
991,,,17.09.12,,,,,,,,,,,,,
992,,,18.09.12,,,,,,,,,,,,,
993,,,19.09.12,,,,,,,,,,,,,
994,,,20.09.12,,,,,,,,,,,,,
995,,,21.09.12,,,,,,,,,,,,,
996,,,22.09.12,,,,,,,,,,,,,
997,,,23.09.12,,,,,,,,,,,,,
998,,,24.09.12,,,,,,,,,,,,,
999,,,25.09.12,,,,,,,,,,,,,
1000,,,26.09.12,,,,,,,,,,,,,
1001,,,27.09.12,,,,,,,,,,,,,
1002,,,28.09.12,,,,,,,,,,,,,
1003,,,29.09.12,,,,,,,,,,,,,
1004,,,30.09.12,,,,,,,,,,,,,
1005,,,01.10.12,,,,,,,,,,,,,
1006,,,02.10.12,,,,,,,,,,,,,
1007,,,03.10.12,,,,,,,,,,,,,
1008,,,04.10.12,,,,,,,,,,,,,
1009,,,05.10.12,,,,,,,,,,,,,
1010,,,06.10.12,,,,,,,,,,,,,
1011,,,07.10.12,,,,,,,,,,,,,
1012,,,08.10.12,,,,,,,,,,,,,
1013,,,09.10.12,,,,,,,,,,,,,
1014,,,10.10.12,,,,,,,,,,,,,
1015,,,11.10.12,,,,,,,,,,,,,
1016,,,12.10.12,,,,,,,,,,,,,
1017,,,13.10.12,,,,,,,,,,,,,
1018,,,14.10.12,,,,,,,,,,,,,
1019,,,15.10.12,,,,,,,,,,,,,
1020,,,16.10.12,,,,,,,,,,,,,
1021,,,17.10.12,,,,,,,,,,,,,
1022,,,18.10.12,,,,,,,,,,,,,
1023,,,19.10.12,,,,,,,,,,,,,
1024,,,20.10.12,,,,,,,,,,,,,
1025,,,21.10.12,,,,,,,,,,,,,
1026,,,22.10.12,,,,,,,,,,,,,
1027,,,23.10.12,,,,,,,,,,,,,
1028,,,24.10.12,,,,,,,,,,,,,
1029,,,25.10.12,,,,,,,,,,,,,
1030,,,26.10.12,,,,,,,,,,,,,
1031,,,27.10.12,,,,,,,,,,,,,
1032,,,28.10.12,,,,,,,,,,,,,
1033,,,29.10.12,,,,,,,,,,,,,
1034,,,30.10.12,,,,,,,,,,,,,
1035,,,31.10.12,,,,,,,,,,,,,
1036,,,01.11.12,,,,,,,,,,,,,
1037,,,02.11.12,,,,,,,,,,,,,
1038,,,03.11.12,,,,,,,,,,,,,
1039,,,04.11.12,,,,,,,,,,,,,
1040,,,05.11.12,,,,,,,,,,,,,
1041,,,06.11.12,,,,,,,,,,,,,
1042,,,07.11.12,,,,,,,,,,,,,
1043,,,08.11.12,,,,,,,,,,,,,
1044,,,09.11.12,,,,,,,,,,,,,
1045,,,10.11.12,,,,,,,,,,,,,
1046,,,11.11.12,,,,,,,,,,,,,
1047,,,12.11.12,,,,,,,,,,,,,
1048,,,13.11.12,,,,,,,,,,,,,
1049,,,14.11.12,,,,,,,,,,,,,
1050,,,15.11.12,,,,,,,,,,,,,
1051,,,16.11.12,,,,,,,,,,,,,
1052,,,17.11.12,,,,,,,,,,,,,
1053,,,18.11.12,,,,,,,,,,,,,
1054,,,19.11.12,,,,,,,,,,,,,
1055,,,20.11.12,,,,,,,,,,,,,
1056,,,21.11.12,,,,,,,,,,,,,
1057,,,22.11.12,,,,,,,,,,,,,
1058,,,23.11.12,,,,,,,,,,,,,
1059,,,24.11.12,,,,,,,,,,,,,
1060,,,25.11.12,,,,,,,,,,,,,
1061,,,26.11.12,,,,,,,,,,,,,
1062,,,27.11.12,,,,,,,,,,,,,
1063,,,28.11.12,,,,,,,,,,,,,
1064,,,29.11.12,,,,,,,,,,,,,
1065,,,30.11.12,,,,,,,,,,,,,
1066,,,01.12.12,,,,,,,,,,,,,
1067,,,02.12.12,,,,,,,,,,,,,
1068,,,03.12.12,,,,,,,,,,,,,
1069,,,04.12.12,,,,,,,,,,,,,
1070,,,05.12.12,,,,,,,,,,,,,
1071,,,06.12.12,,,,,,,,,,,,,
1072,,,07.12.12,,,,,,,,,,,,,
1073,,,08.12.12,,,,,,,,,,,,,
1074,,,09.12.12,,,,,,,,,,,,,
1075,,,10.12.12,,,,,,,,,,,,,
1076,,,11.12.12,,,,,,,,,,,,,
1077,,,12.12.12,,,,,,,,,,,,,
1078,,,13.12.12,,,,,,,,,,,,,
1079,,,14.12.12,,,,,,,,,,,,,
1080,,,15.12.12,,,,,,,,,,,,,
1081,,,16.12.12,,,,,,,,,,,,,
1082,,,17.12.12,,,,,,,,,,,,,
1083,,,18.12.12,,,,,,,,,,,,,
1084,,,19.12.12,,,,,,,,,,,,,
1085,,,20.12.12,,,,,,,,,,,,,
1086,,,21.12.12,,,,,,,,,,,,,
1087,,,22.12.12,,,,,,,,,,,,,
1088,,,23.12.12,,,,,,,,,,,,,
1089,,,24.12.12,,,,,,,,,,,,,
1090,,,25.12.12,,,,,,,,,,,,,
1091,,,26.12.12,,,,,,,,,,,,,
1092,,,27.12.12,,,,,,,,,,,,,
1093,,,28.12.12,,,,,,,,,,,,,
1094,,,29.12.12,,,,,,,,,,,,,
1095,,,30.12.12,,,,,,,,,,,,,
1096,,,31.12.12,,,,,,,,,,,,,
1097,,,01.01.13,,,,,,,,,,,,,
1098,,,02.01.13,,,,,,,,,,,,,
1099,,,03.01.13,,,,,,,,,,,,,
1100,,,04.01.13,,,,,,,,,,,,,
1101,,,05.01.13,,,,,,,,,,,,,
1102,,,06.01.13,,,,,,,,,,,,,
1103,,,07.01.13,,,,,,,,,,,,,
1104,,,08.01.13,,,,,,,,,,,,,
1105,,,09.01.13,,,,,,,,,,,,,
1106,,,10.01.13,,,,,,,,,,,,,
1107,,,11.01.13,,,,,,,,,,,,,
1108,,,12.01.13,,,,,,,,,,,,,
1109,,,13.01.13,,,,,,,,,,,,,
1110,,,14.01.13,,,,,,,,,,,,,
1111,,,15.01.13,,,,,,,,,,,,,
1112,,,16.01.13,,,,,,,,,,,,,
1113,,,17.01.13,,,,,,,,,,,,,
1114,,,18.01.13,,,,,,,,,,,,,
1115,,,19.01.13,,,,,,,,,,,,,
1116,,,20.01.13,,,,,,,,,,,,,
1117,,,21.01.13,,,,,,,,,,,,,
1118,,,22.01.13,,,,,,,,,,,,,
1119,,,23.01.13,,,,,,,,,,,,,
1120,,,24.01.13,,,,,,,,,,,,,
1121,,,25.01.13,,,,,,,,,,,,,
1122,,,26.01.13,,,,,,,,,,,,,
1123,,,27.01.13,,,,,,,,,,,,,
1124,,,28.01.13,,,,,,,,,,,,,
1125,,,29.01.13,,,,,,,,,,,,,
1126,,,30.01.13,,,,,,,,,,,,,
1127,,,31.01.13,,,,,,,,,,,,,
1128,,,01.02.13,,,,,,,,,,,,,
1129,,,02.02.13,,,,,,,,,,,,,
1130,,,03.02.13,,,,,,,,,,,,,
1131,,,04.02.13,,,,,,,,,,,,,
1132,,,05.02.13,,,,,,,,,,,,,
1133,,,06.02.13,,,,,,,,,,,,,
1134,,,07.02.13,,,,,,,,,,,,,
1135,,,08.02.13,,,,,,,,,,,,,
1136,,,09.02.13,,,,,,,,,,,,,
1137,,,10.02.13,,,,,,,,,,,,,
1138,,,11.02.13,,,,,,,,,,,,,
1139,,,12.02.13,,,,,,,,,,,,,
1140,,,13.02.13,,,,,,,,,,,,,
1141,,,14.02.13,,,,,,,,,,,,,
1142,,,15.02.13,,,,,,,,,,,,,
1143,,,16.02.13,,,,,,,,,,,,,
1144,,,17.02.13,,,,,,,,,,,,,
1145,,,18.02.13,,,,,,,,,,,,,
1146,,,19.02.13,,,,,,,,,,,,,
1147,,,20.02.13,,,,,,,,,,,,,
1148,,,21.02.13,,,,,,,,,,,,,
1149,,,22.02.13,,,,,,,,,,,,,
1150,,,23.02.13,,,,,,,,,,,,,
1151,,,24.02.13,,,,,,,,,,,,,
1152,,,25.02.13,,,,,,,,,,,,,
1153,,,26.02.13,,,,,,,,,,,,,
1154,,,27.02.13,,,,,,,,,,,,,
1155,,,28.02.13,,,,,,,,,,,,,
1156,,,01.03.13,,,,,,,,,,,,,
1157,,,02.03.13,,,,,,,,,,,,,
1158,,,03.03.13,,,,,,,,,,,,,
1159,,,04.03.13,,,,,,,,,,,,,
1160,,,05.03.13,,,,,,,,,,,,,
1161,,,06.03.13,,,,,,,,,,,,,
1162,,,07.03.13,,,,,,,,,,,,,
1163,,,08.03.13,,,,,,,,,,,,,
1164,,,09.03.13,,,,,,,,,,,,,
1165,,,10.03.13,,,,,,,,,,,,,
1166,,,11.03.13,,,,,,,,,,,,,
1167,,,12.03.13,,,,,,,,,,,,,
1168,,,13.03.13,,,,,,,,,,,,,
1169,,,14.03.13,,,,,,,,,,,,,
1170,,,15.03.13,,,,,,,,,,,,,
1171,,,16.03.13,,,,,,,,,,,,,
1172,,,17.03.13,,,,,,,,,,,,,
1173,,,18.03.13,,,,,,,,,,,,,
1174,,,19.03.13,,,,,,,,,,,,,
1175,,,20.03.13,,,,,,,,,,,,,
1176,,,21.03.13,,,,,,,,,,,,,
1177,,,22.03.13,,,,,,,,,,,,,
1178,,,23.03.13,,,,,,,,,,,,,
1179,,,24.03.13,,,,,,,,,,,,,
1180,,,25.03.13,,,,,,,,,,,,,
1181,,,26.03.13,,,,,,,,,,,,,
1182,,,27.03.13,,,,,,,,,,,,,
1183,,,28.03.13,,,,,,,,,,,,,
1184,,,29.03.13,,,,,,,,,,,,,
1185,,,30.03.13,,,,,,,,,,,,,
1186,,,31.03.13,,,,,,,,,,,,,
1187,,,01.04.13,,,,,,,,,,,,,
1188,,,02.04.13,,,,,,,,,,,,,
1189,,,03.04.13,,,,,,,,,,,,,
1190,,,04.04.13,,,,,,,,,,,,,
1191,,,05.04.13,,,,,,,,,,,,,
1192,,,06.04.13,,,,,,,,,,,,,
1193,,,07.04.13,,,,,,,,,,,,,
1194,,,08.04.13,,,,,,,,,,,,,
1195,,,09.04.13,,,,,,,,,,,,,
1196,,,10.04.13,,,,,,,,,,,,,
1197,,,11.04.13,,,,,,,,,,,,,
1198,,,12.04.13,,,,,,,,,,,,,
1199,,,13.04.13,,,,,,,,,,,,,
1200,,,14.04.13,,,,,,,,,,,,,
1201,,,15.04.13,,,,,,,,,,,,,
1202,,,16.04.13,,,,,,,,,,,,,
1203,,,17.04.13,,,,,,,,,,,,,
1204,,,18.04.13,,,,,,,,,,,,,
1205,,,19.04.13,,,,,,,,,,,,,
1206,,,20.04.13,,,,,,,,,,,,,
1207,,,21.04.13,,,,,,,,,,,,,
1208,,,22.04.13,,,,,,,,,,,,,
1209,,,23.04.13,,,,,,,,,,,,,
1210,,,24.04.13,,,,,,,,,,,,,
1211,,,25.04.13,,,,,,,,,,,,,
1212,,,26.04.13,,,,,,,,,,,,,
1213,,,27.04.13,,,,,,,,,,,,,
1214,,,28.04.13,,,,,,,,,,,,,
1215,,,29.04.13,,,,,,,,,,,,,
1216,,,30.04.13,,,,,,,,,,,,,
1217,,,01.05.13,,,,,,,,,,,,,
1218,,,02.05.13,,,,,,,,,,,,,
1219,,,03.05.13,,,,,,,,,,,,,
1220,,,04.05.13,,,,,,,,,,,,,
1221,,,05.05.13,,,,,,,,,,,,,
1222,,,06.05.13,,,,,,,,,,,,,
1223,,,07.05.13,,,,,,,,,,,,,
1224,,,08.05.13,,,,,,,,,,,,,
1225,,,09.05.13,,,,,,,,,,,,,
1226,,,10.05.13,,,,,,,,,,,,,
1227,,,11.05.13,,,,,,,,,,,,,
1228,,,12.05.13,,,,,,,,,,,,,
1229,,,13.05.13,,,,,,,,,,,,,
1230,,,14.05.13,,,,,,,,,,,,,
1231,,,15.05.13,,,,,,,,,,,,,
1232,,,16.05.13,,,,,,,,,,,,,
1233,,,17.05.13,,,,,,,,,,,,,
1234,,,18.05.13,,,,,,,,,,,,,
1235,,,19.05.13,,,,,,,,,,,,,
1236,,,20.05.13,,,,,,,,,,,,,
1237,,,21.05.13,,,,,,,,,,,,,
1238,,,22.05.13,,,,,,,,,,,,,
1239,,,23.05.13,,,,,,,,,,,,,
1240,,,24.05.13,,,,,,,,,,,,,
1241,,,25.05.13,,,,,,,,,,,,,
1242,,,26.05.13,,,,,,,,,,,,,
1243,,,27.05.13,,,,,,,,,,,,,
1244,,,28.05.13,,,,,,,,,,,,,
1245,,,29.05.13,,,,,,,,,,,,,
1246,,,30.05.13,,,,,,,,,,,,,
1247,,,31.05.13,,,,,,,,,,,,,
1248,,,01.06.13,,,,,,,,,,,,,
1249,,,02.06.13,,,,,,,,,,,,,
1250,,,03.06.13,,,,,,,,,,,,,
1251,,,04.06.13,,,,,,,,,,,,,
1252,,,05.06.13,,,,,,,,,,,,,
1253,,,06.06.13,,,,,,,,,,,,,
1254,,,07.06.13,,,,,,,,,,,,,
1255,,,08.06.13,,,,,,,,,,,,,
1256,,,09.06.13,,,,,,,,,,,,,
1257,,,10.06.13,,,,,,,,,,,,,
1258,,,11.06.13,,,,,,,,,,,,,
1259,,,12.06.13,,,,,,,,,,,,,
1260,,,13.06.13,,,,,,,,,,,,,
1261,,,14.06.13,,,,,,,,,,,,,
1262,,,15.06.13,,,,,,,,,,,,,
1263,,,16.06.13,,,,,,,,,,,,,
1264,,,17.06.13,,,,,,,,,,,,,
1265,,,18.06.13,,,,,,,,,,,,,
1266,,,19.06.13,,,,,,,,,,,,,
1267,,,20.06.13,,,,,,,,,,,,,
1268,,,21.06.13,,,,,,,,,,,,,
1269,,,22.06.13,,,,,,,,,,,,,
1270,,,23.06.13,,,,,,,,,,,,,
1271,,,24.06.13,,,,,,,,,,,,,
1272,,,25.06.13,,,,,,,,,,,,,
1273,,,26.06.13,,,,,,,,,,,,,
1274,,,27.06.13,,,,,,,,,,,,,
1275,,,28.06.13,,,,,,,,,,,,,
1276,,,29.06.13,,,,,,,,,,,,,
1277,,,30.06.13,,,,,,,,,,,,,
1278,,,01.07.13,,,,,,,,,,,,,
1279,,,02.07.13,,,,,,,,,,,,,
1280,,,03.07.13,,,,,,,,,,,,,
1281,,,04.07.13,,,,,,,,,,,,,
1282,,,05.07.13,,,,,,,,,,,,,
1283,,,06.07.13,,,,,,,,,,,,,
1284,,,07.07.13,,,,,,,,,,,,,
1285,,,08.07.13,,,,,,,,,,,,,
1286,,,09.07.13,,,,,,,,,,,,,
1287,,,10.07.13,,,,,,,,,,,,,
1288,,,11.07.13,,,,,,,,,,,,,
1289,,,12.07.13,,,,,,,,,,,,,
1290,,,13.07.13,,,,,,,,,,,,,
1291,,,14.07.13,,,,,,,,,,,,,
1292,,,15.07.13,,,,,,,,,,,,,
1293,,,16.07.13,,,,,,,,,,,,,
1294,,,17.07.13,,,,,,,,,,,,,
1295,,,18.07.13,,,,,,,,,,,,,
1296,,,19.07.13,,,,,,,,,,,,,
1297,,,20.07.13,,,,,,,,,,,,,
1298,,,21.07.13,,,,,,,,,,,,,
1299,,,22.07.13,,,,,,,,,,,,,
1300,,,23.07.13,,,,,,,,,,,,,
1301,,,24.07.13,,,,,,,,,,,,,
1302,,,25.07.13,,,,,,,,,,,,,
1303,,,26.07.13,,,,,,,,,,,,,
1304,,,27.07.13,,,,,,,,,,,,,
1305,,,28.07.13,,,,,,,,,,,,,
1306,,,29.07.13,,,,,,,,,,,,,
1307,,,30.07.13,,,,,,,,,,,,,
1308,,,31.07.13,,,,,,,,,,,,,
1309,,,01.08.13,,,,,,,,,,,,,
1310,,,02.08.13,,,,,,,,,,,,,
1311,,,03.08.13,,,,,,,,,,,,,
1312,,,04.08.13,,,,,,,,,,,,,
1313,,,05.08.13,,,,,,,,,,,,,
1314,,,06.08.13,,,,,,,,,,,,,
1315,,,07.08.13,,,,,,,,,,,,,
1316,,,08.08.13,,,,,,,,,,,,,
1317,,,09.08.13,,,,,,,,,,,,,
1318,,,10.08.13,,,,,,,,,,,,,
1319,,,11.08.13,,,,,,,,,,,,,
1320,,,12.08.13,,,,,,,,,,,,,
1321,,,13.08.13,,,,,,,,,,,,,
1322,,,14.08.13,,,,,,,,,,,,,
1323,,,15.08.13,,,,,,,,,,,,,
1324,,,16.08.13,,,,,,,,,,,,,
1325,,,17.08.13,,,,,,,,,,,,,
1326,,,18.08.13,,,,,,,,,,,,,
1327,,,19.08.13,,,,,,,,,,,,,
1328,,,20.08.13,,,,,,,,,,,,,
1329,,,21.08.13,,,,,,,,,,,,,
1330,,,22.08.13,,,,,,,,,,,,,
1331,,,23.08.13,,,,,,,,,,,,,
1332,,,24.08.13,,,,,,,,,,,,,
1333,,,25.08.13,,,,,,,,,,,,,
1334,,,26.08.13,,,,,,,,,,,,,
1335,,,27.08.13,,,,,,,,,,,,,
1336,,,28.08.13,,,,,,,,,,,,,
1337,,,29.08.13,,,,,,,,,,,,,
1338,,,30.08.13,,,,,,,,,,,,,
1339,,,31.08.13,,,,,,,,,,,,,
1340,,,01.09.13,,,,,,,,,,,,,
1341,,,02.09.13,,,,,,,,,,,,,
1342,,,03.09.13,,,,,,,,,,,,,
1343,,,04.09.13,,,,,,,,,,,,,
1344,,,05.09.13,,,,,,,,,,,,,
1345,,,06.09.13,,,,,,,,,,,,,
1346,,,07.09.13,,,,,,,,,,,,,
1347,,,08.09.13,,,,,,,,,,,,,
1348,,,09.09.13,,,,,,,,,,,,,
1349,,,10.09.13,,,,,,,,,,,,,
1350,,,11.09.13,,,,,,,,,,,,,
1351,,,12.09.13,,,,,,,,,,,,,
1352,,,13.09.13,,,,,,,,,,,,,
1353,,,14.09.13,,,,,,,,,,,,,
1354,,,15.09.13,,,,,,,,,,,,,
1355,,,16.09.13,,,,,,,,,,,,,
1356,,,17.09.13,,,,,,,,,,,,,
1357,,,18.09.13,,,,,,,,,,,,,
1358,,,19.09.13,,,,,,,,,,,,,
1359,,,20.09.13,,,,,,,,,,,,,
1360,,,21.09.13,,,,,,,,,,,,,
1361,,,22.09.13,,,,,,,,,,,,,
1362,,,23.09.13,,,,,,,,,,,,,
1363,,,24.09.13,,,,,,,,,,,,,
1364,,,25.09.13,,,,,,,,,,,,,
1365,,,26.09.13,,,,,,,,,,,,,
1366,,,27.09.13,,,,,,,,,,,,,
1367,,,28.09.13,,,,,,,,,,,,,
1368,,,29.09.13,,,,,,,,,,,,,
1369,,,30.09.13,,,,,,,,,,,,,
1370,,,01.10.13,,,,,,,,,,,,,
1371,,,02.10.13,,,,,,,,,,,,,
1372,,,03.10.13,,,,,,,,,,,,,
1373,,,04.10.13,,,,,,,,,,,,,
1374,,,05.10.13,,,,,,,,,,,,,
1375,,,06.10.13,,,,,,,,,,,,,
1376,,,07.10.13,,,,,,,,,,,,,
1377,,,08.10.13,,,,,,,,,,,,,
1378,,,09.10.13,,,,,,,,,,,,,
1379,,,10.10.13,,,,,,,,,,,,,
1380,,,11.10.13,,,,,,,,,,,,,
1381,,,12.10.13,,,,,,,,,,,,,
1382,,,13.10.13,,,,,,,,,,,,,
1383,,,14.10.13,,,,,,,,,,,,,
1384,,,15.10.13,,,,,,,,,,,,,
1385,,,16.10.13,,,,,,,,,,,,,
1386,,,17.10.13,,,,,,,,,,,,,
1387,,,18.10.13,,,,,,,,,,,,,
1388,,,19.10.13,,,,,,,,,,,,,
1389,,,20.10.13,,,,,,,,,,,,,
1390,,,21.10.13,,,,,,,,,,,,,
1391,,,22.10.13,,,,,,,,,,,,,
1392,,,23.10.13,,,,,,,,,,,,,
1393,,,24.10.13,,,,,,,,,,,,,
1394,,,25.10.13,,,,,,,,,,,,,
1395,,,26.10.13,,,,,,,,,,,,,
1396,,,27.10.13,,,,,,,,,,,,,
1397,,,28.10.13,,,,,,,,,,,,,
1398,,,29.10.13,,,,,,,,,,,,,
1399,,,30.10.13,,,,,,,,,,,,,
1400,,,31.10.13,,,,,,,,,,,,,
1401,,,01.11.13,,,,,,,,,,,,,
1402,,,02.11.13,,,,,,,,,,,,,
1403,,,03.11.13,,,,,,,,,,,,,
1404,,,04.11.13,,,,,,,,,,,,,
1405,,,05.11.13,,,,,,,,,,,,,
1406,,,06.11.13,,,,,,,,,,,,,
1407,,,07.11.13,,,,,,,,,,,,,
1408,,,08.11.13,,,,,,,,,,,,,
1409,,,09.11.13,,,,,,,,,,,,,
1410,,,10.11.13,,,,,,,,,,,,,
1411,,,11.11.13,,,,,,,,,,,,,
1412,,,12.11.13,,,,,,,,,,,,,
1413,,,13.11.13,,,,,,,,,,,,,
1414,,,14.11.13,,,,,,,,,,,,,
1415,,,15.11.13,,,,,,,,,,,,,
1416,,,16.11.13,,,,,,,,,,,,,
1417,,,17.11.13,,,,,,,,,,,,,
1418,,,18.11.13,,,,,,,,,,,,,
1419,,,19.11.13,,,,,,,,,,,,,
1420,,,20.11.13,,,,,,,,,,,,,
1421,,,21.11.13,,,,,,,,,,,,,
1422,,,22.11.13,,,,,,,,,,,,,
1423,,,23.11.13,,,,,,,,,,,,,
1424,,,24.11.13,,,,,,,,,,,,,
1425,,,25.11.13,,,,,,,,,,,,,
1426,,,26.11.13,,,,,,,,,,,,,
1427,,,27.11.13,,,,,,,,,,,,,
1428,,,28.11.13,,,,,,,,,,,,,
1429,,,29.11.13,,,,,,,,,,,,,
1430,,,30.11.13,,,,,,,,,,,,,
1431,,,01.12.13,,,,,,,,,,,,,
1432,,,02.12.13,,,,,,,,,,,,,
1433,,,03.12.13,,,,,,,,,,,,,
1434,,,04.12.13,,,,,,,,,,,,,
1435,,,05.12.13,,,,,,,,,,,,,
1436,,,06.12.13,,,,,,,,,,,,,
1437,,,07.12.13,,,,,,,,,,,,,
1438,,,08.12.13,,,,,,,,,,,,,
1439,,,09.12.13,,,,,,,,,,,,,
1440,,,10.12.13,,,,,,,,,,,,,
1441,,,11.12.13,,,,,,,,,,,,,
1442,,,12.12.13,,,,,,,,,,,,,
1443,,,13.12.13,,,,,,,,,,,,,
1444,,,14.12.13,,,,,,,,,,,,,
1445,,,15.12.13,,,,,,,,,,,,,
1446,,,16.12.13,,,,,,,,,,,,,
1447,,,17.12.13,,,,,,,,,,,,,
1448,,,18.12.13,,,,,,,,,,,,,
1449,,,19.12.13,,,,,,,,,,,,,
1450,,,20.12.13,,,,,,,,,,,,,
1451,,,21.12.13,,,,,,,,,,,,,
1452,,,22.12.13,,,,,,,,,,,,,
1453,,,23.12.13,,,,,,,,,,,,,
1454,,,24.12.13,,,,,,,,,,,,,
1455,,,25.12.13,,,,,,,,,,,,,
1456,,,26.12.13,,,,,,,,,,,,,
1457,,,27.12.13,,,,,,,,,,,,,
1458,,,28.12.13,,,,,,,,,,,,,
1459,,,29.12.13,,,,,,,,,,,,,
1460,,,30.12.13,,,,,,,,,,,,,
1461,,,31.12.13,,,,,,,,,,,,,
1462,,,01.01.14,,,,,,,,,,,,,
1463,,,02.01.14,,,,,,,,,,,,,
1464,,,03.01.14,,,,,,,,,,,,,
1465,,,04.01.14,,,,,,,,,,,,,
1466,,,05.01.14,,,,,,,,,,,,,
1467,,,06.01.14,,,,,,,,,,,,,
1468,,,07.01.14,,,,,,,,,,,,,
1469,,,08.01.14,,,,,,,,,,,,,
1470,,,09.01.14,,,,,,,,,,,,,
1471,,,10.01.14,,,,,,,,,,,,,
1472,,,11.01.14,,,,,,,,,,,,,
1473,,,12.01.14,,,,,,,,,,,,,
1474,,,13.01.14,,,,,,,,,,,,,
1475,,,14.01.14,,,,,,,,,,,,,
1476,,,15.01.14,,,,,,,,,,,,,
1477,,,16.01.14,,,,,,,,,,,,,
1478,,,17.01.14,,,,,,,,,,,,,
1479,,,18.01.14,,,,,,,,,,,,,
1480,,,19.01.14,,,,,,,,,,,,,
1481,,,20.01.14,,,,,,,,,,,,,
1482,,,21.01.14,,,,,,,,,,,,,
1483,,,22.01.14,,,,,,,,,,,,,
1484,,,23.01.14,,,,,,,,,,,,,
1485,,,24.01.14,,,,,,,,,,,,,
1486,,,25.01.14,,,,,,,,,,,,,
1487,,,26.01.14,,,,,,,,,,,,,
1488,,,27.01.14,,,,,,,,,,,,,
1489,,,28.01.14,,,,,,,,,,,,,
1490,,,29.01.14,,,,,,,,,,,,,
1491,,,30.01.14,,,,,,,,,,,,,
1492,,,31.01.14,,,,,,,,,,,,,
1493,,,01.02.14,,,,,,,,,,,,,
1494,,,02.02.14,,,,,,,,,,,,,
1495,,,03.02.14,,,,,,,,,,,,,
1496,,,04.02.14,,,,,,,,,,,,,
1497,,,05.02.14,,,,,,,,,,,,,
1498,,,06.02.14,,,,,,,,,,,,,
1499,,,07.02.14,,,,,,,,,,,,,
1500,,,08.02.14,,,,,,,,,,,,,
1501,,,09.02.14,,,,,,,,,,,,,
1502,,,10.02.14,,,,,,,,,,,,,
1503,,,11.02.14,,,,,,,,,,,,,
1504,,,12.02.14,,,,,,,,,,,,,
1505,,,13.02.14,,,,,,,,,,,,,
1506,,,14.02.14,,,,,,,,,,,,,
1507,,,15.02.14,,,,,,,,,,,,,
1508,,,16.02.14,,,,,,,,,,,,,
1509,,,17.02.14,,,,,,,,,,,,,
1510,,,18.02.14,,,,,,,,,,,,,
1511,,,19.02.14,,,,,,,,,,,,,
1512,,,20.02.14,,,,,,,,,,,,,
1513,,,21.02.14,,,,,,,,,,,,,
1514,,,22.02.14,,,,,,,,,,,,,
1515,,,23.02.14,,,,,,,,,,,,,
1516,,,24.02.14,,,,,,,,,,,,,
1517,,,25.02.14,,,,,,,,,,,,,
1518,,,26.02.14,,,,,,,,,,,,,
1519,,,27.02.14,,,,,,,,,,,,,
1520,,,28.02.14,,,,,,,,,,,,,
1521,,,01.03.14,,,,,,,,,,,,,
1522,,,02.03.14,,,,,,,,,,,,,
1523,,,03.03.14,,,,,,,,,,,,,
1524,,,04.03.14,,,,,,,,,,,,,
1525,,,05.03.14,,,,,,,,,,,,,
1526,,,06.03.14,,,,,,,,,,,,,
1527,,,07.03.14,,,,,,,,,,,,,
1528,,,08.03.14,,,,,,,,,,,,,
1529,,,09.03.14,,,,,,,,,,,,,
1530,,,10.03.14,,,,,,,,,,,,,
1531,,,11.03.14,,,,,,,,,,,,,
1532,,,12.03.14,,,,,,,,,,,,,
1533,,,13.03.14,,,,,,,,,,,,,
1534,,,14.03.14,,,,,,,,,,,,,
1535,,,15.03.14,,,,,,,,,,,,,
1536,,,16.03.14,,,,,,,,,,,,,
1537,,,17.03.14,,,,,,,,,,,,,
1538,,,18.03.14,,,,,,,,,,,,,
1539,,,19.03.14,,,,,,,,,,,,,
1540,,,20.03.14,,,,,,,,,,,,,
1541,,,21.03.14,,,,,,,,,,,,,
1542,,,22.03.14,,,,,,,,,,,,,
1543,,,23.03.14,,,,,,,,,,,,,
1544,,,24.03.14,,,,,,,,,,,,,
1545,,,25.03.14,,,,,,,,,,,,,
1546,,,26.03.14,,,,,,,,,,,,,
1547,,,27.03.14,,,,,,,,,,,,,
1548,,,28.03.14,,,,,,,,,,,,,
1549,,,29.03.14,,,,,,,,,,,,,
1550,,,30.03.14,,,,,,,,,,,,,
1551,,,31.03.14,,,,,,,,,,,,,
1552,,,01.04.14,,,,,,,,,,,,,
1553,,,02.04.14,,,,,,,,,,,,,
1554,,,03.04.14,,,,,,,,,,,,,
1555,,,04.04.14,,,,,,,,,,,,,
1556,,,05.04.14,,,,,,,,,,,,,
1557,,,06.04.14,,,,,,,,,,,,,
1558,,,07.04.14,,,,,,,,,,,,,
1559,,,08.04.14,,,,,,,,,,,,,
1560,,,09.04.14,,,,,,,,,,,,,
1561,,,10.04.14,,,,,,,,,,,,,
1562,,,11.04.14,,,,,,,,,,,,,
1563,,,12.04.14,,,,,,,,,,,,,
1564,,,13.04.14,,,,,,,,,,,,,
1565,,,14.04.14,,,,,,,,,,,,,
1566,,,15.04.14,,,,,,,,,,,,,
1567,,,16.04.14,,,,,,,,,,,,,
1568,,,17.04.14,,,,,,,,,,,,,
1569,,,18.04.14,,,,,,,,,,,,,
1570,,,19.04.14,,,,,,,,,,,,,
1571,,,20.04.14,,,,,,,,,,,,,
1572,,,21.04.14,,,,,,,,,,,,,
1573,,,22.04.14,,,,,,,,,,,,,
1574,,,23.04.14,,,,,,,,,,,,,
1575,,,24.04.14,,,,,,,,,,,,,
1576,,,25.04.14,,,,,,,,,,,,,
1577,,,26.04.14,,,,,,,,,,,,,
1578,,,27.04.14,,,,,,,,,,,,,
1579,,,28.04.14,,,,,,,,,,,,,
1580,,,29.04.14,,,,,,,,,,,,,
1581,,,30.04.14,,,,,,,,,,,,,
1582,,,01.05.14,,,,,,,,,,,,,
1583,,,02.05.14,,,,,,,,,,,,,
1584,,,03.05.14,,,,,,,,,,,,,
1585,,,04.05.14,,,,,,,,,,,,,
1586,,,05.05.14,,,,,,,,,,,,,
1587,,,06.05.14,,,,,,,,,,,,,
1588,,,07.05.14,,,,,,,,,,,,,
1589,,,08.05.14,,,,,,,,,,,,,
1590,,,09.05.14,,,,,,,,,,,,,
1591,,,10.05.14,,,,,,,,,,,,,
1592,,,11.05.14,,,,,,,,,,,,,
1593,,,12.05.14,,,,,,,,,,,,,
1594,,,13.05.14,,,,,,,,,,,,,
1595,,,14.05.14,,,,,,,,,,,,,
1596,,,15.05.14,,,,,,,,,,,,,
1597,,,16.05.14,,,,,,,,,,,,,
1598,,,17.05.14,,,,,,,,,,,,,
1599,,,18.05.14,,,,,,,,,,,,,
1600,,,19.05.14,,,,,,,,,,,,,
1601,,,20.05.14,,,,,,,,,,,,,
1602,,,21.05.14,,,,,,,,,,,,,
1603,,,22.05.14,,,,,,,,,,,,,
1604,,,23.05.14,,,,,,,,,,,,,
1605,,,24.05.14,,,,,,,,,,,,,
1606,,,25.05.14,,,,,,,,,,,,,
1607,,,26.05.14,,,,,,,,,,,,,
1608,,,27.05.14,,,,,,,,,,,,,
1609,,,28.05.14,,,,,,,,,,,,,
1610,,,29.05.14,,,,,,,,,,,,,
1611,,,30.05.14,,,,,,,,,,,,,
1612,,,31.05.14,,,,,,,,,,,,,
1613,,,01.06.14,,,,,,,,,,,,,
1614,,,02.06.14,,,,,,,,,,,,,
1615,,,03.06.14,,,,,,,,,,,,,
1616,,,04.06.14,,,,,,,,,,,,,
1617,,,05.06.14,,,,,,,,,,,,,
1618,,,06.06.14,,,,,,,,,,,,,
1619,,,07.06.14,,,,,,,,,,,,,
1620,,,08.06.14,,,,,,,,,,,,,
1621,,,09.06.14,,,,,,,,,,,,,
1622,,,10.06.14,,,,,,,,,,,,,
1623,,,11.06.14,,,,,,,,,,,,,
1624,,,12.06.14,,,,,,,,,,,,,
1625,,,13.06.14,,,,,,,,,,,,,
1626,,,14.06.14,,,,,,,,,,,,,
1627,,,15.06.14,,,,,,,,,,,,,
1628,,,16.06.14,,,,,,,,,,,,,
1629,,,17.06.14,,,,,,,,,,,,,
1630,,,18.06.14,,,,,,,,,,,,,
1631,,,19.06.14,,,,,,,,,,,,,
1632,,,20.06.14,,,,,,,,,,,,,
1633,,,21.06.14,,,,,,,,,,,,,
1634,,,22.06.14,,,,,,,,,,,,,
1635,,,23.06.14,,,,,,,,,,,,,
1636,,,24.06.14,,,,,,,,,,,,,
1637,,,25.06.14,,,,,,,,,,,,,
1638,,,26.06.14,,,,,,,,,,,,,
1639,,,27.06.14,,,,,,,,,,,,,
1640,,,28.06.14,,,,,,,,,,,,,
1641,,,29.06.14,,,,,,,,,,,,,
1642,,,30.06.14,,,,,,,,,,,,,
1643,,,01.07.14,,,,,,,,,,,,,
1644,,,02.07.14,,,,,,,,,,,,,
1645,,,03.07.14,,,,,,,,,,,,,
1646,,,04.07.14,,,,,,,,,,,,,
1647,,,05.07.14,,,,,,,,,,,,,
1648,,,06.07.14,,,,,,,,,,,,,
1649,,,07.07.14,,,,,,,,,,,,,
1650,,,08.07.14,,,,,,,,,,,,,
1651,,,09.07.14,,,,,,,,,,,,,
1652,,,10.07.14,,,,,,,,,,,,,
1653,,,11.07.14,,,,,,,,,,,,,
1654,,,12.07.14,,,,,,,,,,,,,
1655,,,13.07.14,,,,,,,,,,,,,
1656,,,14.07.14,,,,,,,,,,,,,
1657,,,15.07.14,,,,,,,,,,,,,
1658,,,16.07.14,,,,,,,,,,,,,
1659,,,17.07.14,,,,,,,,,,,,,
1660,,,18.07.14,,,,,,,,,,,,,
1661,,,19.07.14,,,,,,,,,,,,,
1662,,,20.07.14,,,,,,,,,,,,,
1663,,,21.07.14,,,,,,,,,,,,,
1664,,,22.07.14,,,,,,,,,,,,,
1665,,,23.07.14,,,,,,,,,,,,,
1666,,,24.07.14,,,,,,,,,,,,,
1667,,,25.07.14,,,,,,,,,,,,,
1668,,,26.07.14,,,,,,,,,,,,,
1669,,,27.07.14,,,,,,,,,,,,,
1670,,,28.07.14,,,,,,,,,,,,,
1671,,,29.07.14,,,,,,,,,,,,,
1672,,,30.07.14,,,,,,,,,,,,,
1673,,,31.07.14,,,,,,,,,,,,,
1674,,,01.08.14,,,,,,,,,,,,,
1675,,,02.08.14,,,,,,,,,,,,,
1676,,,03.08.14,,,,,,,,,,,,,
1677,,,04.08.14,,,,,,,,,,,,,
1678,,,05.08.14,,,,,,,,,,,,,
1679,,,06.08.14,,,,,,,,,,,,,
1680,,,07.08.14,,,,,,,,,,,,,
1681,,,08.08.14,,,,,,,,,,,,,
1682,,,09.08.14,,,,,,,,,,,,,
1683,,,10.08.14,,,,,,,,,,,,,
1684,,,11.08.14,,,,,,,,,,,,,
1685,,,12.08.14,,,,,,,,,,,,,
1686,,,13.08.14,,,,,,,,,,,,,
1687,,,14.08.14,,,,,,,,,,,,,
1688,,,15.08.14,,,,,,,,,,,,,
1689,,,16.08.14,,,,,,,,,,,,,
1690,,,17.08.14,,,,,,,,,,,,,
1691,,,18.08.14,,,,,,,,,,,,,
1692,,,19.08.14,,,,,,,,,,,,,
1693,,,20.08.14,,,,,,,,,,,,,
1694,,,21.08.14,,,,,,,,,,,,,
1695,,,22.08.14,,,,,,,,,,,,,
1696,,,23.08.14,,,,,,,,,,,,,
1697,,,24.08.14,,,,,,,,,,,,,
1698,,,25.08.14,,,,,,,,,,,,,
1699,,,26.08.14,,,,,,,,,,,,,
1700,,,27.08.14,,,,,,,,,,,,,
1701,,,28.08.14,,,,,,,,,,,,,
1702,,,29.08.14,,,,,,,,,,,,,
1703,,,30.08.14,,,,,,,,,,,,,
1704,,,31.08.14,,,,,,,,,,,,,
1705,,,01.09.14,,,,,,,,,,,,,
1706,,,02.09.14,,,,,,,,,,,,,
1707,,,03.09.14,,,,,,,,,,,,,
1708,,,04.09.14,,,,,,,,,,,,,
1709,,,05.09.14,,,,,,,,,,,,,
1710,,,06.09.14,,,,,,,,,,,,,
1711,,,07.09.14,,,,,,,,,,,,,
1712,,,08.09.14,,,,,,,,,,,,,
1713,,,09.09.14,,,,,,,,,,,,,
1714,,,10.09.14,,,,,,,,,,,,,
1715,,,11.09.14,,,,,,,,,,,,,
1716,,,12.09.14,,,,,,,,,,,,,
1717,,,13.09.14,,,,,,,,,,,,,
1718,,,14.09.14,,,,,,,,,,,,,
1719,,,15.09.14,,,,,,,,,,,,,
1720,,,16.09.14,,,,,,,,,,,,,
1721,,,17.09.14,,,,,,,,,,,,,
1722,,,18.09.14,,,,,,,,,,,,,
1723,,,19.09.14,,,,,,,,,,,,,
1724,,,20.09.14,,,,,,,,,,,,,
1725,,,21.09.14,,,,,,,,,,,,,
1726,,,22.09.14,,,,,,,,,,,,,
1727,,,23.09.14,,,,,,,,,,,,,
1728,,,24.09.14,,,,,,,,,,,,,
1729,,,25.09.14,,,,,,,,,,,,,
1730,,,26.09.14,,,,,,,,,,,,,
1731,,,27.09.14,,,,,,,,,,,,,
1732,,,28.09.14,,,,,,,,,,,,,
1733,,,29.09.14,,,,,,,,,,,,,
1734,,,30.09.14,,,,,,,,,,,,,
1735,,,01.10.14,,,,,,,,,,,,,
1736,,,02.10.14,,,,,,,,,,,,,
1737,,,03.10.14,,,,,,,,,,,,,
1738,,,04.10.14,,,,,,,,,,,,,
1739,,,05.10.14,,,,,,,,,,,,,
1740,,,06.10.14,,,,,,,,,,,,,
1741,,,07.10.14,,,,,,,,,,,,,
1742,,,08.10.14,,,,,,,,,,,,,
1743,,,09.10.14,,,,,,,,,,,,,
1744,,,10.10.14,,,,,,,,,,,,,
1745,,,11.10.14,,,,,,,,,,,,,
1746,,,12.10.14,,,,,,,,,,,,,
1747,,,13.10.14,,,,,,,,,,,,,
1748,,,14.10.14,,,,,,,,,,,,,
1749,,,15.10.14,,,,,,,,,,,,,
1750,,,16.10.14,,,,,,,,,,,,,
1751,,,17.10.14,,,,,,,,,,,,,
1752,,,18.10.14,,,,,,,,,,,,,
1753,,,19.10.14,,,,,,,,,,,,,
1754,,,20.10.14,,,,,,,,,,,,,
1755,,,21.10.14,,,,,,,,,,,,,
1756,,,22.10.14,,,,,,,,,,,,,
1757,,,23.10.14,,,,,,,,,,,,,
1758,,,24.10.14,,,,,,,,,,,,,
1759,,,25.10.14,,,,,,,,,,,,,
1760,,,26.10.14,,,,,,,,,,,,,
1761,,,27.10.14,,,,,,,,,,,,,
1762,,,28.10.14,,,,,,,,,,,,,
1763,,,29.10.14,,,,,,,,,,,,,
1764,,,30.10.14,,,,,,,,,,,,,
1765,,,31.10.14,,,,,,,,,,,,,
1766,,,01.11.14,,,,,,,,,,,,,
1767,,,02.11.14,,,,,,,,,,,,,
1768,,,03.11.14,,,,,,,,,,,,,
1769,,,04.11.14,,,,,,,,,,,,,
1770,,,05.11.14,,,,,,,,,,,,,
1771,,,06.11.14,,,,,,,,,,,,,
1772,,,07.11.14,,,,,,,,,,,,,
1773,,,08.11.14,,,,,,,,,,,,,
1774,,,09.11.14,,,,,,,,,,,,,
1775,,,10.11.14,,,,,,,,,,,,,
1776,,,11.11.14,,,,,,,,,,,,,
1777,,,12.11.14,,,,,,,,,,,,,
1778,,,13.11.14,,,,,,,,,,,,,
1779,,,14.11.14,,,,,,,,,,,,,
1780,,,15.11.14,,,,,,,,,,,,,
1781,,,16.11.14,,,,,,,,,,,,,
1782,,,17.11.14,,,,,,,,,,,,,
1783,,,18.11.14,,,,,,,,,,,,,
1784,,,19.11.14,,,,,,,,,,,,,
1785,,,20.11.14,,,,,,,,,,,,,
1786,,,21.11.14,,,,,,,,,,,,,
1787,,,22.11.14,,,,,,,,,,,,,
1788,,,23.11.14,,,,,,,,,,,,,
1789,,,24.11.14,,,,,,,,,,,,,
1790,,,25.11.14,,,,,,,,,,,,,
1791,,,26.11.14,,,,,,,,,,,,,
1792,,,27.11.14,,,,,,,,,,,,,
1793,,,28.11.14,,,,,,,,,,,,,
1794,,,29.11.14,,,,,,,,,,,,,
1795,,,30.11.14,,,,,,,,,,,,,
1796,,,01.12.14,,,,,,,,,,,,,
1797,,,02.12.14,,,,,,,,,,,,,
1798,,,03.12.14,,,,,,,,,,,,,
1799,,,04.12.14,,,,,,,,,,,,,
1800,,,05.12.14,,,,,,,,,,,,,
1801,,,06.12.14,,,,,,,,,,,,,
1802,,,07.12.14,,,,,,,,,,,,,
1803,,,08.12.14,,,,,,,,,,,,,
1804,,,09.12.14,,,,,,,,,,,,,
1805,,,10.12.14,,,,,,,,,,,,,
1806,,,11.12.14,,,,,,,,,,,,,
1807,,,12.12.14,,,,,,,,,,,,,
1808,,,13.12.14,,,,,,,,,,,,,
1809,,,14.12.14,,,,,,,,,,,,,
1810,,,15.12.14,,,,,,,,,,,,,
1811,,,16.12.14,,,,,,,,,,,,,
1812,,,17.12.14,,,,,,,,,,,,,
1813,,,18.12.14,,,,,,,,,,,,,
1814,,,19.12.14,,,,,,,,,,,,,
1815,,,20.12.14,,,,,,,,,,,,,
1816,,,21.12.14,,,,,,,,,,,,,
1817,,,22.12.14,,,,,,,,,,,,,
1818,,,23.12.14,,,,,,,,,,,,,
1819,,,24.12.14,,,,,,,,,,,,,
1820,,,25.12.14,,,,,,,,,,,,,
1821,,,26.12.14,,,,,,,,,,,,,
1822,,,27.12.14,,,,,,,,,,,,,
1823,,,28.12.14,,,,,,,,,,,,,
1824,,,29.12.14,,,,,,,,,,,,,
1825,,,30.12.14,,,,,,,,,,,,,
1826,,,31.12.14,,,,,,,,,,,,,
1827,,,01.01.15,,,,,,,,,,,,,
1828,,,02.01.15,,,,,,,,,,,,,
1829,,,03.01.15,,,,,,,,,,,,,
1830,,,04.01.15,,,,,,,,,,,,,
1831,,,05.01.15,,,,,,,,,,,,,
1832,,,06.01.15,,,,,,,,,,,,,
1833,,,07.01.15,,,,,,,,,,,,,
1834,,,08.01.15,,,,,,,,,,,,,
1835,,,09.01.15,,,,,,,,,,,,,
1836,,,10.01.15,,,,,,,,,,,,,
1837,,,11.01.15,,,,,,,,,,,,,
1838,,,12.01.15,,,,,,,,,,,,,
1839,,,13.01.15,,,,,,,,,,,,,
1840,,,14.01.15,,,,,,,,,,,,,
1841,,,15.01.15,,,,,,,,,,,,,
1842,,,16.01.15,,,,,,,,,,,,,
1843,,,17.01.15,,,,,,,,,,,,,
1844,,,18.01.15,,,,,,,,,,,,,
1845,,,19.01.15,,,,,,,,,,,,,
1846,,,20.01.15,,,,,,,,,,,,,
1847,,,21.01.15,,,,,,,,,,,,,
1848,,,22.01.15,,,,,,,,,,,,,
1849,,,23.01.15,,,,,,,,,,,,,
1850,,,24.01.15,,,,,,,,,,,,,
1851,,,25.01.15,,,,,,,,,,,,,
1852,,,26.01.15,,,,,,,,,,,,,
1853,,,27.01.15,,,,,,,,,,,,,
1854,,,28.01.15,,,,,,,,,,,,,
1855,,,29.01.15,,,,,,,,,,,,,
1856,,,30.01.15,,,,,,,,,,,,,
1857,,,31.01.15,,,,,,,,,,,,,
1858,,,01.02.15,,,,,,,,,,,,,
1859,,,02.02.15,,,,,,,,,,,,,
1860,,,03.02.15,,,,,,,,,,,,,
1861,,,04.02.15,,,,,,,,,,,,,
1862,,,05.02.15,,,,,,,,,,,,,
1863,,,06.02.15,,,,,,,,,,,,,
1864,,,07.02.15,,,,,,,,,,,,,
1865,,,08.02.15,,,,,,,,,,,,,
1866,,,09.02.15,,,,,,,,,,,,,
1867,,,10.02.15,,,,,,,,,,,,,
1868,,,11.02.15,,,,,,,,,,,,,
1869,,,12.02.15,,,,,,,,,,,,,
1870,,,13.02.15,,,,,,,,,,,,,
1871,,,14.02.15,,,,,,,,,,,,,
1872,,,15.02.15,,,,,,,,,,,,,
1873,,,16.02.15,,,,,,,,,,,,,
1874,,,17.02.15,,,,,,,,,,,,,
1875,,,18.02.15,,,,,,,,,,,,,
1876,,,19.02.15,,,,,,,,,,,,,
1877,,,20.02.15,,,,,,,,,,,,,
1878,,,21.02.15,,,,,,,,,,,,,
1879,,,22.02.15,,,,,,,,,,,,,
1880,,,23.02.15,,,,,,,,,,,,,
1881,,,24.02.15,,,,,,,,,,,,,
1882,,,25.02.15,,,,,,,,,,,,,
1883,,,26.02.15,,,,,,,,,,,,,
1884,,,27.02.15,,,,,,,,,,,,,
1885,,,28.02.15,,,,,,,,,,,,,
1886,,,01.03.15,,,,,,,,,,,,,
1887,,,02.03.15,,,,,,,,,,,,,
1888,,,03.03.15,,,,,,,,,,,,,
1889,,,04.03.15,,,,,,,,,,,,,
1890,,,05.03.15,,,,,,,,,,,,,
1891,,,06.03.15,,,,,,,,,,,,,
1892,,,07.03.15,,,,,,,,,,,,,
1893,,,08.03.15,,,,,,,,,,,,,
1894,,,09.03.15,,,,,,,,,,,,,
1895,,,10.03.15,,,,,,,,,,,,,
1896,,,11.03.15,,,,,,,,,,,,,
1897,,,12.03.15,,,,,,,,,,,,,
1898,,,13.03.15,,,,,,,,,,,,,
1899,,,14.03.15,,,,,,,,,,,,,
1900,,,15.03.15,,,,,,,,,,,,,
1901,,,16.03.15,,,,,,,,,,,,,
1902,,,17.03.15,,,,,,,,,,,,,
1903,,,18.03.15,,,,,,,,,,,,,
1904,,,19.03.15,,,,,,,,,,,,,
1905,,,20.03.15,,,,,,,,,,,,,
1906,,,21.03.15,,,,,,,,,,,,,
1907,,,22.03.15,,,,,,,,,,,,,
1908,,,23.03.15,,,,,,,,,,,,,
1909,,,24.03.15,,,,,,,,,,,,,
1910,,,25.03.15,,,,,,,,,,,,,
1911,,,26.03.15,,,,,,,,,,,,,
1912,,,27.03.15,,,,,,,,,,,,,
1913,,,28.03.15,,,,,,,,,,,,,
1914,,,29.03.15,,,,,,,,,,,,,
1915,,,30.03.15,,,,,,,,,,,,,
1916,,,31.03.15,,,,,,,,,,,,,
1917,,,01.04.15,,,,,,,,,,,,,
1918,,,02.04.15,,,,,,,,,,,,,
1919,,,03.04.15,,,,,,,,,,,,,
1920,,,04.04.15,,,,,,,,,,,,,
1921,,,05.04.15,,,,,,,,,,,,,
1922,,,06.04.15,,,,,,,,,,,,,
1923,,,07.04.15,,,,,,,,,,,,,
1924,,,08.04.15,,,,,,,,,,,,,
1925,,,09.04.15,,,,,,,,,,,,,
1926,,,10.04.15,,,,,,,,,,,,,
1927,,,11.04.15,,,,,,,,,,,,,
1928,,,12.04.15,,,,,,,,,,,,,
1929,,,13.04.15,,,,,,,,,,,,,
1930,,,14.04.15,,,,,,,,,,,,,
1931,,,15.04.15,,,,,,,,,,,,,
1932,,,16.04.15,,,,,,,,,,,,,
1933,,,17.04.15,,,,,,,,,,,,,
1934,,,18.04.15,,,,,,,,,,,,,
1935,,,19.04.15,,,,,,,,,,,,,
1936,,,20.04.15,,,,,,,,,,,,,
1937,,,21.04.15,,,,,,,,,,,,,
1938,,,22.04.15,,,,,,,,,,,,,
1939,,,23.04.15,,,,,,,,,,,,,
1940,,,24.04.15,,,,,,,,,,,,,
1941,,,25.04.15,,,,,,,,,,,,,
1942,,,26.04.15,,,,,,,,,,,,,
1943,,,27.04.15,,,,,,,,,,,,,
1944,,,28.04.15,,,,,,,,,,,,,
1945,,,29.04.15,,,,,,,,,,,,,
1946,,,30.04.15,,,,,,,,,,,,,
1947,,,01.05.15,,,,,,,,,,,,,
1948,,,02.05.15,,,,,,,,,,,,,
1949,,,03.05.15,,,,,,,,,,,,,
1950,,,04.05.15,,,,,,,,,,,,,
1951,,,05.05.15,,,,,,,,,,,,,
1952,,,06.05.15,,,,,,,,,,,,,
1953,,,07.05.15,,,,,,,,,,,,,
1954,,,08.05.15,,,,,,,,,,,,,
1955,,,09.05.15,,,,,,,,,,,,,
1956,,,10.05.15,,,,,,,,,,,,,
1957,,,11.05.15,,,,,,,,,,,,,
1958,,,12.05.15,,,,,,,,,,,,,
1959,,,13.05.15,,,,,,,,,,,,,
1960,,,14.05.15,,,,,,,,,,,,,
1961,,,15.05.15,,,,,,,,,,,,,
1962,,,16.05.15,,,,,,,,,,,,,
1963,,,17.05.15,,,,,,,,,,,,,
1964,,,18.05.15,,,,,,,,,,,,,
1965,,,19.05.15,,,,,,,,,,,,,
1966,,,20.05.15,,,,,,,,,,,,,
1967,,,21.05.15,,,,,,,,,,,,,
1968,,,22.05.15,,,,,,,,,,,,,
1969,,,23.05.15,,,,,,,,,,,,,
1970,,,24.05.15,,,,,,,,,,,,,
1971,,,25.05.15,,,,,,,,,,,,,
1972,,,26.05.15,,,,,,,,,,,,,
1973,,,27.05.15,,,,,,,,,,,,,
1974,,,28.05.15,,,,,,,,,,,,,
1975,,,29.05.15,,,,,,,,,,,,,
1976,,,30.05.15,,,,,,,,,,,,,
1977,,,31.05.15,,,,,,,,,,,,,
1978,,,01.06.15,,,,,,,,,,,,,
1979,,,02.06.15,,,,,,,,,,,,,
1980,,,03.06.15,,,,,,,,,,,,,
1981,,,04.06.15,,,,,,,,,,,,,
1982,,,05.06.15,,,,,,,,,,,,,
1983,,,06.06.15,,,,,,,,,,,,,
1984,,,07.06.15,,,,,,,,,,,,,
1985,,,08.06.15,,,,,,,,,,,,,
1986,,,09.06.15,,,,,,,,,,,,,
1987,,,10.06.15,,,,,,,,,,,,,
1988,,,11.06.15,,,,,,,,,,,,,
1989,,,12.06.15,,,,,,,,,,,,,
1990,,,13.06.15,,,,,,,,,,,,,
1991,,,14.06.15,,,,,,,,,,,,,
1992,,,15.06.15,,,,,,,,,,,,,
1993,,,16.06.15,,,,,,,,,,,,,
1994,,,17.06.15,,,,,,,,,,,,,
1995,,,18.06.15,,,,,,,,,,,,,
1996,,,19.06.15,,,,,,,,,,,,,
1997,,,20.06.15,,,,,,,,,,,,,
1998,,,21.06.15,,,,,,,,,,,,,
1999,,,22.06.15,,,,,,,,,,,,,
2000,,,23.06.15,,,,,,,,,,,,,
2001,,,24.06.15,,,,,,,,,,,,,
2002,,,25.06.15,,,,,,,,,,,,,
2003,,,26.06.15,,,,,,,,,,,,,
2004,,,27.06.15,,,,,,,,,,,,,
2005,,,28.06.15,,,,,,,,,,,,,
2006,,,29.06.15,,,,,,,,,,,,,
2007,,,30.06.15,,,,,,,,,,,,,
2008,,,01.07.15,,,,,,,,,,,,,
2009,,,02.07.15,,,,,,,,,,,,,
2010,,,03.07.15,,,,,,,,,,,,,
2011,,,04.07.15,,,,,,,,,,,,,
2012,,,05.07.15,,,,,,,,,,,,,
2013,,,06.07.15,,,,,,,,,,,,,
2014,,,07.07.15,,,,,,,,,,,,,
2015,,,08.07.15,,,,,,,,,,,,,
2016,,,09.07.15,,,,,,,,,,,,,
2017,,,10.07.15,,,,,,,,,,,,,
2018,,,11.07.15,,,,,,,,,,,,,
2019,,,12.07.15,,,,,,,,,,,,,
2020,,,13.07.15,,,,,,,,,,,,,
2021,,,14.07.15,,,,,,,,,,,,,
2022,,,15.07.15,,,,,,,,,,,,,
2023,,,16.07.15,,,,,,,,,,,,,
2024,,,17.07.15,,,,,,,,,,,,,
2025,,,18.07.15,,,,,,,,,,,,,
2026,,,19.07.15,,,,,,,,,,,,,
2027,,,20.07.15,,,,,,,,,,,,,
2028,,,21.07.15,,,,,,,,,,,,,
2029,,,22.07.15,,,,,,,,,,,,,
2030,,,23.07.15,,,,,,,,,,,,,
2031,,,24.07.15,,,,,,,,,,,,,
2032,,,25.07.15,,,,,,,,,,,,,
2033,,,26.07.15,,,,,,,,,,,,,
2034,,,27.07.15,,,,,,,,,,,,,
2035,,,28.07.15,,,,,,,,,,,,,
2036,,,29.07.15,,,,,,,,,,,,,
2037,,,30.07.15,,,,,,,,,,,,,
2038,,,31.07.15,,,,,,,,,,,,,
2039,,,01.08.15,,,,,,,,,,,,,
2040,,,02.08.15,,,,,,,,,,,,,
2041,,,03.08.15,,,,,,,,,,,,,
2042,,,04.08.15,,,,,,,,,,,,,
2043,,,05.08.15,,,,,,,,,,,,,
2044,,,06.08.15,,,,,,,,,,,,,
2045,,,07.08.15,,,,,,,,,,,,,
2046,,,08.08.15,,,,,,,,,,,,,
2047,,,09.08.15,,,,,,,,,,,,,
2048,,,10.08.15,,,,,,,,,,,,,
2049,,,11.08.15,,,,,,,,,,,,,
2050,,,12.08.15,,,,,,,,,,,,,
2051,,,13.08.15,,,,,,,,,,,,,
2052,,,14.08.15,,,,,,,,,,,,,
2053,,,15.08.15,,,,,,,,,,,,,
2054,,,16.08.15,,,,,,,,,,,,,
2055,,,17.08.15,,,,,,,,,,,,,
2056,,,18.08.15,,,,,,,,,,,,,
2057,,,19.08.15,,,,,,,,,,,,,
2058,,,20.08.15,,,,,,,,,,,,,
2059,,,21.08.15,,,,,,,,,,,,,
2060,,,22.08.15,,,,,,,,,,,,,
2061,,,23.08.15,,,,,,,,,,,,,
2062,,,24.08.15,,,,,,,,,,,,,
2063,,,25.08.15,,,,,,,,,,,,,
2064,,,26.08.15,,,,,,,,,,,,,
2065,,,27.08.15,,,,,,,,,,,,,
2066,,,28.08.15,,,,,,,,,,,,,
2067,,,29.08.15,,,,,,,,,,,,,
2068,,,30.08.15,,,,,,,,,,,,,
2069,,,31.08.15,,,,,,,,,,,,,
2070,,,01.09.15,,,,,,,,,,,,,
2071,,,02.09.15,,,,,,,,,,,,,
2072,,,03.09.15,,,,,,,,,,,,,
2073,,,04.09.15,,,,,,,,,,,,,
2074,,,05.09.15,,,,,,,,,,,,,
2075,,,06.09.15,,,,,,,,,,,,,
2076,,,07.09.15,,,,,,,,,,,,,
2077,,,08.09.15,,,,,,,,,,,,,
2078,,,09.09.15,,,,,,,,,,,,,
2079,,,10.09.15,,,,,,,,,,,,,
2080,,,11.09.15,,,,,,,,,,,,,
2081,,,12.09.15,,,,,,,,,,,,,
2082,,,13.09.15,,,,,,,,,,,,,
2083,,,14.09.15,,,,,,,,,,,,,
2084,,,15.09.15,,,,,,,,,,,,,
2085,,,16.09.15,,,,,,,,,,,,,
2086,,,17.09.15,,,,,,,,,,,,,
2087,,,18.09.15,,,,,,,,,,,,,
2088,,,19.09.15,,,,,,,,,,,,,
2089,,,20.09.15,,,,,,,,,,,,,
2090,,,21.09.15,,,,,,,,,,,,,
2091,,,22.09.15,,,,,,,,,,,,,
2092,,,23.09.15,,,,,,,,,,,,,
2093,,,24.09.15,,,,,,,,,,,,,
2094,,,25.09.15,,,,,,,,,,,,,
2095,,,26.09.15,,,,,,,,,,,,,
2096,,,27.09.15,,,,,,,,,,,,,
2097,,,28.09.15,,,,,,,,,,,,,
2098,,,29.09.15,,,,,,,,,,,,,
2099,,,30.09.15,,,,,,,,,,,,,
2100,,,01.10.15,,,,,,,,,,,,,
2101,,,02.10.15,,,,,,,,,,,,,
2102,,,03.10.15,,,,,,,,,,,,,
2103,,,04.10.15,,,,,,,,,,,,,
2104,,,05.10.15,,,,,,,,,,,,,
2105,,,06.10.15,,,,,,,,,,,,,
2106,,,07.10.15,,,,,,,,,,,,,
2107,,,08.10.15,,,,,,,,,,,,,
2108,,,09.10.15,,,,,,,,,,,,,
2109,,,10.10.15,,,,,,,,,,,,,
2110,,,11.10.15,,,,,,,,,,,,,
2111,,,12.10.15,,,,,,,,,,,,,
2112,,,13.10.15,,,,,,,,,,,,,
2113,,,14.10.15,,,,,,,,,,,,,
2114,,,15.10.15,,,,,,,,,,,,,
2115,,,16.10.15,,,,,,,,,,,,,
2116,,,17.10.15,,,,,,,,,,,,,
2117,,,18.10.15,,,,,,,,,,,,,
2118,,,19.10.15,,,,,,,,,,,,,
2119,,,20.10.15,,,,,,,,,,,,,
2120,,,21.10.15,,,,,,,,,,,,,
2121,,,22.10.15,,,,,,,,,,,,,
2122,,,23.10.15,,,,,,,,,,,,,
2123,,,24.10.15,,,,,,,,,,,,,
2124,,,25.10.15,,,,,,,,,,,,,
2125,,,26.10.15,,,,,,,,,,,,,
2126,,,27.10.15,,,,,,,,,,,,,
2127,,,28.10.15,,,,,,,,,,,,,
2128,,,29.10.15,,,,,,,,,,,,,
2129,,,30.10.15,,,,,,,,,,,,,
2130,,,31.10.15,,,,,,,,,,,,,
2131,,,01.11.15,,,,,,,,,,,,,
2132,,,02.11.15,,,,,,,,,,,,,
2133,,,03.11.15,,,,,,,,,,,,,
2134,,,04.11.15,,,,,,,,,,,,,
2135,,,05.11.15,,,,,,,,,,,,,
2136,,,06.11.15,,,,,,,,,,,,,
2137,,,07.11.15,,,,,,,,,,,,,
2138,,,08.11.15,,,,,,,,,,,,,
2139,,,09.11.15,,,,,,,,,,,,,
2140,,,10.11.15,,,,,,,,,,,,,
2141,,,11.11.15,,,,,,,,,,,,,
2142,,,12.11.15,,,,,,,,,,,,,
2143,,,13.11.15,,,,,,,,,,,,,
2144,,,14.11.15,,,,,,,,,,,,,
2145,,,15.11.15,,,,,,,,,,,,,
2146,,,16.11.15,,,,,,,,,,,,,
2147,,,17.11.15,,,,,,,,,,,,,
2148,,,18.11.15,,,,,,,,,,,,,
2149,,,19.11.15,,,,,,,,,,,,,
2150,,,20.11.15,,,,,,,,,,,,,
2151,,,21.11.15,,,,,,,,,,,,,
2152,,,22.11.15,,,,,,,,,,,,,
2153,,,23.11.15,,,,,,,,,,,,,
2154,,,24.11.15,,,,,,,,,,,,,
2155,,,25.11.15,,,,,,,,,,,,,
2156,,,26.11.15,,,,,,,,,,,,,
2157,,,27.11.15,,,,,,,,,,,,,
2158,,,28.11.15,,,,,,,,,,,,,
2159,,,29.11.15,,,,,,,,,,,,,
2160,,,30.11.15,,,,,,,,,,,,,
2161,,,01.12.15,,,,,,,,,,,,,
2162,,,02.12.15,,,,,,,,,,,,,
2163,,,03.12.15,,,,,,,,,,,,,
2164,,,04.12.15,,,,,,,,,,,,,
2165,,,05.12.15,,,,,,,,,,,,,
2166,,,06.12.15,,,,,,,,,,,,,
2167,,,07.12.15,,,,,,,,,,,,,
2168,,,08.12.15,,,,,,,,,,,,,
2169,,,09.12.15,,,,,,,,,,,,,
2170,,,10.12.15,,,,,,,,,,,,,
2171,,,11.12.15,,,,,,,,,,,,,
2172,,,12.12.15,,,,,,,,,,,,,
2173,,,13.12.15,,,,,,,,,,,,,
2174,,,14.12.15,,,,,,,,,,,,,
2175,,,15.12.15,,,,,,,,,,,,,
2176,,,16.12.15,,,,,,,,,,,,,
2177,,,17.12.15,,,,,,,,,,,,,
2178,,,18.12.15,,,,,,,,,,,,,
2179,,,19.12.15,,,,,,,,,,,,,
2180,,,20.12.15,,,,,,,,,,,,,
2181,,,21.12.15,,,,,,,,,,,,,
2182,,,22.12.15,,,,,,,,,,,,,
2183,,,23.12.15,,,,,,,,,,,,,
2184,,,24.12.15,,,,,,,,,,,,,
2185,,,25.12.15,,,,,,,,,,,,,
2186,,,26.12.15,,,,,,,,,,,,,
2187,,,27.12.15,,,,,,,,,,,,,
2188,,,28.12.15,,,,,,,,,,,,,
2189,,,29.12.15,,,,,,,,,,,,,
2190,,,30.12.15,,,,,,,,,,,,,
2191,,,31.12.15,,,,,,,,,,,,,